Municipality,Year,Yield_restated
ALEXANDER,1996,0.9076188374532914
ALEXANDER,1997,0.8597996130792982
ALEXANDER,1998,0.9385021821927714
ALEXANDER,1999,1.0138546241757878
ALEXANDER,2000,0.7136701616608675
ALEXANDER,2001,0.6123180749301418
ALEXANDER,2002,0.8927002607469375
ALEXANDER,2003,1.0633004811384341
ALEXANDER,2004,1.1767169818818612
ALEXANDER,2005,0.36778669984732226
ALEXANDER,2006,1.0763714886096774
ALEXANDER,2007,0.6077834942407927
ALEXANDER,2008,1.0466342243685374
ALEXANDER,2009,0.6202019937434363
ALEXANDER,2010,0.6017259068072013
ALEXANDER,2011,0.6444260752696405
ALONSA,1996,1.3531972192805926
ALONSA,1997,0.9458286430612315
ALONSA,1998,1.1062054371474617
ALONSA,1999,1.3832009808990247
ALONSA,2000,1.4661328991197724
ALONSA,2001,1.1738935384364941
ALONSA,2002,0.8091959925061475
ALONSA,2003,0.8821328401245884
ALONSA,2004,1.3063945923940439
ALONSA,2005,1.1632670469431658
ALONSA,2006,1.158628021327636
ALONSA,2007,0.9218566248296897
ALONSA,2008,0.9311029342275255
ALONSA,2009,0.899112240470888
ALONSA,2010,0.6838523203210657
ALONSA,2011,0.653411816656897
ARGYLE,1996,1.0113669844663766
ARGYLE,1997,0.8716994941452376
ARGYLE,1998,1.0098322728506668
ARGYLE,1999,0.8163432263013691
ARGYLE,2000,1.0597831002124332
ARGYLE,2001,0.9827320581064704
ARGYLE,2002,0.8643668108894835
ARGYLE,2003,0.9893233769170117
ARGYLE,2004,1.2377087484176235
ARGYLE,2005,0.9631502992132975
ARGYLE,2006,0.9974161522678848
ARGYLE,2007,1.1113027826378938
ARGYLE,2008,1.1602450470358163
ARGYLE,2009,1.3460745754057062
ARGYLE,2010,1.3176980231128812
ARGYLE,2011,1.0129403527781873
ARMSTRONG,1996,1.0520195589310541
ARMSTRONG,1997,0.7505928814764826
ARMSTRONG,1999,0.9127818235604841
ARMSTRONG,2000,0.8866497249854846
ARMSTRONG,2001,1.2095693995956336
ARMSTRONG,2002,1.0267786667055376
ARMSTRONG,2003,0.5987870329554135
ARMSTRONG,2004,0.9783597797103036
ARMSTRONG,2005,0.9475282425926524
ARMSTRONG,2006,1.1209486976691108
ARMSTRONG,2007,1.1188709670507129
ARMSTRONG,2008,0.7548126455538525
ARMSTRONG,2009,0.7558071877786675
ARMSTRONG,2010,0.589182232686007
ARMSTRONG,2011,0.4964780012929619
BIFROST-RIVERTON,1996,1.2984707276117946
BIFROST-RIVERTON,1997,1.0853176732088639
BIFROST-RIVERTON,1998,1.1726378420810142
BIFROST-RIVERTON,1999,1.1639076945619702
BIFROST-RIVERTON,2000,1.007195581699887
BIFROST-RIVERTON,2001,0.7697022061185993
BIFROST-RIVERTON,2002,0.9963462174034232
BIFROST-RIVERTON,2003,0.9875680165704165
BIFROST-RIVERTON,2004,1.3496758698547973
BIFROST-RIVERTON,2005,0.7659051838697457
BIFROST-RIVERTON,2006,1.155082158978234
BIFROST-RIVERTON,2007,1.093719580695288
BIFROST-RIVERTON,2008,0.7743813927495575
BIFROST-RIVERTON,2009,0.6527419861286986
BIFROST-RIVERTON,2010,0.4692370698942288
BIFROST-RIVERTON,2011,0.8145381526548888
BOISSEVAIN-MORTON,1996,1.023076574326516
BOISSEVAIN-MORTON,1997,0.8689524976811672
BOISSEVAIN-MORTON,1998,0.9650633464238605
BOISSEVAIN-MORTON,1999,0.7638723695061154
BOISSEVAIN-MORTON,2000,1.0726259347657061
BOISSEVAIN-MORTON,2001,1.071148397553031
BOISSEVAIN-MORTON,2002,1.0321503360007178
BOISSEVAIN-MORTON,2003,1.1621867652776212
BOISSEVAIN-MORTON,2004,1.1939651419621937
BOISSEVAIN-MORTON,2005,0.9402448632260603
BOISSEVAIN-MORTON,2006,1.0892317164710688
BOISSEVAIN-MORTON,2007,1.1188568341417668
BOISSEVAIN-MORTON,2008,1.2576752627581729
BOISSEVAIN-MORTON,2009,1.4587883063983982
BOISSEVAIN-MORTON,2010,1.088311861083814
BOISSEVAIN-MORTON,2011,0.9076401745937055
BRENDA-WASKADA,1996,0.827454123702698
BRENDA-WASKADA,1997,0.6447610988646859
BRENDA-WASKADA,1998,0.8198125593268719
BRENDA-WASKADA,1999,0.5353233150954912
BRENDA-WASKADA,2000,0.9605538012699292
BRENDA-WASKADA,2001,0.8127563153282815
BRENDA-WASKADA,2002,0.6634855454437698
BRENDA-WASKADA,2003,0.8676728609224382
BRENDA-WASKADA,2004,1.0744420280255658
BRENDA-WASKADA,2005,0.680015863235924
BRENDA-WASKADA,2006,0.9115784703198839
BRENDA-WASKADA,2007,1.000843677919858
BRENDA-WASKADA,2008,0.9382848082325707
BRENDA-WASKADA,2009,1.274942458729299
BRENDA-WASKADA,2010,1.0365604643302109
BRENDA-WASKADA,2011,0.7093346212397619
BROKENHEAD,1996,1.00744566673764
BROKENHEAD,1997,0.8693490202943795
BROKENHEAD,1998,0.9491616147109044
BROKENHEAD,1999,1.1090121232404992
BROKENHEAD,2000,0.8271927603229026
BROKENHEAD,2001,0.626624496361865
BROKENHEAD,2002,0.9293173562046054
BROKENHEAD,2003,1.2599506817826136
BROKENHEAD,2004,1.2042000475991403
BROKENHEAD,2005,0.46542028730883545
BROKENHEAD,2006,1.2396465943561408
BROKENHEAD,2007,0.8328487881830959
BROKENHEAD,2008,1.1294846800023768
BROKENHEAD,2009,0.8720703699466182
BROKENHEAD,2010,0.6854485139589255
BROKENHEAD,2011,0.9030094529212421
CARTIER,1996,1.2381553711285413
CARTIER,1997,1.1360395186057182
CARTIER,1998,1.0424244572257835
CARTIER,1999,1.3507232233357875
CARTIER,2000,1.0372581783706414
CARTIER,2001,0.7957592426937926
CARTIER,2002,1.1352784824552882
CARTIER,2003,1.3612971173077513
CARTIER,2004,1.3573776840168954
CARTIER,2005,0.2641668551759062
CARTIER,2006,1.013782429200732
CARTIER,2007,1.3424967482763017
CARTIER,2008,1.3564373012250721
CARTIER,2009,1.3152556829940698
CARTIER,2010,0.8295753566575402
CARTIER,2011,0.5221801755885632
CARTWRIGHT-ROBLIN,1996,0.868873357641703
CARTWRIGHT-ROBLIN,1997,0.7860313106606743
CARTWRIGHT-ROBLIN,1998,0.9232064559162034
CARTWRIGHT-ROBLIN,1999,0.7640014091265099
CARTWRIGHT-ROBLIN,2000,1.0630448610757501
CARTWRIGHT-ROBLIN,2001,0.9634884251237985
CARTWRIGHT-ROBLIN,2002,0.7345818472256009
CARTWRIGHT-ROBLIN,2003,1.1021083218944134
CARTWRIGHT-ROBLIN,2004,1.206740433657973
CARTWRIGHT-ROBLIN,2005,0.8201460441389108
CARTWRIGHT-ROBLIN,2006,1.0505718722007755
CARTWRIGHT-ROBLIN,2007,1.064950072698466
CARTWRIGHT-ROBLIN,2008,1.250224840959607
CARTWRIGHT-ROBLIN,2009,1.303651993633515
CARTWRIGHT-ROBLIN,2010,1.2021199082104757
CARTWRIGHT-ROBLIN,2011,0.8922298969363789
CLANWILLIAM-ERICKSON,1996,0.8366682862485648
CLANWILLIAM-ERICKSON,1997,0.7696237112104275
CLANWILLIAM-ERICKSON,1998,1.0196074230948646
CLANWILLIAM-ERICKSON,1999,0.6584630593724525
CLANWILLIAM-ERICKSON,2000,0.8677832577084104
CLANWILLIAM-ERICKSON,2001,0.5531078456863346
CLANWILLIAM-ERICKSON,2002,0.9219289286621155
CLANWILLIAM-ERICKSON,2003,1.0483032346732866
CLANWILLIAM-ERICKSON,2004,0.8042326154129169
CLANWILLIAM-ERICKSON,2005,0.6178351278150642
CLANWILLIAM-ERICKSON,2006,1.0445697320624703
CLANWILLIAM-ERICKSON,2007,0.8760308725246598
CLANWILLIAM-ERICKSON,2008,1.4060244112248232
CLANWILLIAM-ERICKSON,2009,1.1796057645750657
CLANWILLIAM-ERICKSON,2010,0.963318154171929
CLANWILLIAM-ERICKSON,2011,0.937639447942034
COLDWELL,1996,1.5932526016099349
COLDWELL,1997,1.3484667029738544
COLDWELL,1998,1.0302928689828028
COLDWELL,1999,1.2737482615110882
COLDWELL,2000,1.4449656491346008
COLDWELL,2001,1.3518507275078957
COLDWELL,2002,0.7977872920806275
COLDWELL,2003,0.711735782959728
COLDWELL,2004,1.2086585248365298
COLDWELL,2005,1.254772233006016
COLDWELL,2006,1.0822872841575886
COLDWELL,2007,1.5370723495645617
COLDWELL,2008,1.574484551616265
COLDWELL,2009,1.3529436787281344
COLDWELL,2010,1.534005605089456
COLDWELL,2011,1.2734649351146852
CORNWALLIS,1996,1.345442731277534
CORNWALLIS,1997,0.8756391935223565
CORNWALLIS,1998,0.9174579626560134
CORNWALLIS,1999,0.8287269836485592
CORNWALLIS,2000,1.0148038939092794
CORNWALLIS,2001,0.9182744997826107
CORNWALLIS,2002,0.82932114240972
CORNWALLIS,2003,0.8134206148387869
CORNWALLIS,2004,1.272833465685565
CORNWALLIS,2005,1.0510501338020537
CORNWALLIS,2006,1.0279494856798665
CORNWALLIS,2007,0.9766439834103222
CORNWALLIS,2008,1.27358236037336
CORNWALLIS,2009,1.3101211420411156
CORNWALLIS,2010,1.0561835178535555
CORNWALLIS,2011,0.8847082315775056
DAUPHIN,1996,1.0337582105841956
DAUPHIN,1997,0.9591871342471397
DAUPHIN,1998,1.0123473425577536
DAUPHIN,1999,1.1350914229223914
DAUPHIN,2000,1.024220425617424
DAUPHIN,2001,0.9657976612405847
DAUPHIN,2002,0.9073566023395808
DAUPHIN,2003,1.0755889836001253
DAUPHIN,2004,1.2961237248802158
DAUPHIN,2005,0.9516893504938083
DAUPHIN,2006,0.985268748251338
DAUPHIN,2007,0.9006159311695046
DAUPHIN,2008,1.1668091146692903
DAUPHIN,2009,1.0687545809960892
DAUPHIN,2010,0.5692542474317639
DAUPHIN,2011,0.8353173439216086
DELORAINE-WINCHESTER,1996,0.9678906647157028
DELORAINE-WINCHESTER,1997,0.7209172743694012
DELORAINE-WINCHESTER,1998,0.9401267901118093
DELORAINE-WINCHESTER,1999,0.6900762576785864
DELORAINE-WINCHESTER,2000,1.0167513230897431
DELORAINE-WINCHESTER,2001,0.9550519095898347
DELORAINE-WINCHESTER,2002,0.7116353632805686
DELORAINE-WINCHESTER,2003,0.9139935083050597
DELORAINE-WINCHESTER,2004,1.1278823802080513
DELORAINE-WINCHESTER,2005,0.7378733742640606
DELORAINE-WINCHESTER,2006,0.956579217149887
DELORAINE-WINCHESTER,2007,0.9904716071370572
DELORAINE-WINCHESTER,2008,1.0130901281193345
DELORAINE-WINCHESTER,2009,1.3507116952617186
DELORAINE-WINCHESTER,2010,1.0314768085985064
DELORAINE-WINCHESTER,2011,0.7186060207563478
DESALABERRY,1996,1.1919975301291157
DESALABERRY,1997,0.7247752451734514
DESALABERRY,1998,0.9646406266683707
DESALABERRY,1999,1.1950005426525685
DESALABERRY,2000,0.9716136876956457
DESALABERRY,2001,0.4866145455382658
DESALABERRY,2002,0.9456322183795467
DESALABERRY,2003,1.30746840776998
DESALABERRY,2004,1.0877814003795023
DESALABERRY,2005,0.3021469648662025
DESALABERRY,2006,1.206126747542905
DESALABERRY,2007,1.3093382492606644
DESALABERRY,2008,1.454601384315574
DESALABERRY,2009,1.024075866843357
DESALABERRY,2010,1.1780992766495224
DESALABERRY,2011,1.0037285880073699
DUFFERIN,1996,1.4033012847352602
DUFFERIN,1997,1.1097283564052771
DUFFERIN,1998,1.5230179380875999
DUFFERIN,1999,1.5702435750105384
DUFFERIN,2000,1.532283571245046
DUFFERIN,2001,0.998912239010711
DUFFERIN,2002,1.2674510872195082
DUFFERIN,2003,1.9246150146112613
DUFFERIN,2004,1.1490979783246653
DUFFERIN,2005,0.7009044202503393
DUFFERIN,2006,1.7022283340790896
DUFFERIN,2007,1.6422674706783347
DUFFERIN,2008,2.015705368469628
DUFFERIN,2009,1.475067950814704
DUFFERIN,2010,1.476558738703249
DUFFERIN,2011,1.234557350961598
EAST ST PAUL,1999,1.276
EAST ST PAUL,2000,0.58
EAST ST PAUL,2001,0.222
EAST ST PAUL,2003,1.402
ELLICE-ARCHIE,1996,0.9283888689999004
ELLICE-ARCHIE,1997,0.6241874097091946
ELLICE-ARCHIE,1998,0.8256964027551719
ELLICE-ARCHIE,1999,0.7544577543822936
ELLICE-ARCHIE,2000,0.9528876773806534
ELLICE-ARCHIE,2001,0.8671844278071634
ELLICE-ARCHIE,2002,0.92806096696164
ELLICE-ARCHIE,2003,0.8699226944605557
ELLICE-ARCHIE,2004,0.9647066741105201
ELLICE-ARCHIE,2005,0.9151099844501488
ELLICE-ARCHIE,2006,1.0535092919884936
ELLICE-ARCHIE,2007,1.0392390319364717
ELLICE-ARCHIE,2008,1.1601202807210598
ELLICE-ARCHIE,2009,1.0607293748918771
ELLICE-ARCHIE,2010,1.097258395875614
ELLICE-ARCHIE,2011,0.9189710131991862
ELTON,1996,0.9812812468155516
ELTON,1997,0.8213369337246321
ELTON,1998,0.8431809361646939
ELTON,1999,0.6235683510541773
ELTON,2000,0.9879264614107259
ELTON,2001,0.8440781183751844
ELTON,2002,0.9807802133617297
ELTON,2003,0.9778438590035615
ELTON,2004,1.1140742888177546
ELTON,2005,0.8166746251320058
ELTON,2006,1.1151812895582975
ELTON,2007,0.9740015123490291
ELTON,2008,1.1941378191109957
ELTON,2009,1.19296592613744
ELTON,2010,1.11975613917436
ELTON,2011,0.7785199240404548
EMERSON-FRANKLIN,1996,1.0291860885787636
EMERSON-FRANKLIN,1997,0.6543086103159583
EMERSON-FRANKLIN,1998,0.9599273796390544
EMERSON-FRANKLIN,1999,1.0729162197480284
EMERSON-FRANKLIN,2000,1.1322311186799798
EMERSON-FRANKLIN,2001,0.5190590037801401
EMERSON-FRANKLIN,2002,0.8498415915995488
EMERSON-FRANKLIN,2003,1.2497239507906062
EMERSON-FRANKLIN,2004,0.9236659760374074
EMERSON-FRANKLIN,2005,0.2604300446055276
EMERSON-FRANKLIN,2006,1.1025132574425143
EMERSON-FRANKLIN,2007,1.2676106091313122
EMERSON-FRANKLIN,2008,1.4613325742951935
EMERSON-FRANKLIN,2009,0.9956977571680259
EMERSON-FRANKLIN,2010,1.1251577876638807
EMERSON-FRANKLIN,2011,0.9848082369471896
ETHELBERT,1996,0.8079544201169555
ETHELBERT,1997,0.7431279398406736
ETHELBERT,1998,0.6909875094311014
ETHELBERT,1999,0.9608156742430861
ETHELBERT,2000,0.89083377548687
ETHELBERT,2001,0.9172167665021408
ETHELBERT,2002,0.8377668895108237
ETHELBERT,2003,0.9662709857464544
ETHELBERT,2004,1.1772098526414596
ETHELBERT,2005,0.9190472792622775
ETHELBERT,2006,0.8690829646566127
ETHELBERT,2007,0.7833378324945988
ETHELBERT,2008,1.0249541891926746
ETHELBERT,2009,0.7690116368371345
ETHELBERT,2010,0.41093198392530983
ETHELBERT,2011,0.6375922734449461
FISHER,1996,1.0120656620699702
FISHER,1997,0.9291768607776301
FISHER,1998,0.9912464020542452
FISHER,1999,0.844061521919075
FISHER,2000,0.8660443456823075
FISHER,2001,0.8327501720557919
FISHER,2002,1.0013355315953025
FISHER,2003,0.822919219848447
FISHER,2004,1.4397441726993567
FISHER,2005,0.9806095931837562
FISHER,2006,1.2110831185673185
FISHER,2007,1.1797108326112686
FISHER,2008,0.8408862258819458
FISHER,2009,0.8865283650499953
FISHER,2010,0.5452357326819852
FISHER,2011,0.8100285992056107
GILBERT PLAINS,1996,1.065022435967996
GILBERT PLAINS,1997,1.0277990979141691
GILBERT PLAINS,1998,0.9446935581929305
GILBERT PLAINS,1999,1.1356299124776539
GILBERT PLAINS,2000,1.1034086771200895
GILBERT PLAINS,2001,1.0011210485197228
GILBERT PLAINS,2002,1.0203608618339983
GILBERT PLAINS,2003,0.8636673198456065
GILBERT PLAINS,2004,1.313114670095252
GILBERT PLAINS,2005,1.118966810993774
GILBERT PLAINS,2006,1.133015883448474
GILBERT PLAINS,2007,0.7352250155713547
GILBERT PLAINS,2008,1.2913675017340078
GILBERT PLAINS,2009,1.0536066302617346
GILBERT PLAINS,2010,0.698947462152416
GILBERT PLAINS,2011,0.7683372445465444
GIMLI,1996,0.9362755497067031
GIMLI,1997,0.6089387128149912
GIMLI,1998,0.8495923469767666
GIMLI,1999,1.0648440009859785
GIMLI,2000,0.7474148609642687
GIMLI,2001,0.5076286373278419
GIMLI,2002,0.7593443676425121
GIMLI,2003,1.0908382404464296
GIMLI,2004,0.9977106406580849
GIMLI,2005,0.28405055927984063
GIMLI,2006,0.9191998702242175
GIMLI,2007,0.8905291237905042
GIMLI,2008,0.513903415272034
GIMLI,2009,0.2754464545484341
GIMLI,2010,0.20279426412772078
GIMLI,2011,0.727831239272742
GLENBORO-SOUTH CYPRESS,1996,1.5917711555505898
GLENBORO-SOUTH CYPRESS,1997,1.0889636560732532
GLENBORO-SOUTH CYPRESS,1998,1.3723948052091466
GLENBORO-SOUTH CYPRESS,1999,1.2720691826689672
GLENBORO-SOUTH CYPRESS,2000,1.5005383631069225
GLENBORO-SOUTH CYPRESS,2001,1.3602569015307266
GLENBORO-SOUTH CYPRESS,2002,1.3671584213710608
GLENBORO-SOUTH CYPRESS,2003,1.3037797683853747
GLENBORO-SOUTH CYPRESS,2004,2.0027003414112388
GLENBORO-SOUTH CYPRESS,2005,1.6933301166867691
GLENBORO-SOUTH CYPRESS,2006,1.7506584422079656
GLENBORO-SOUTH CYPRESS,2007,1.8155047711111802
GLENBORO-SOUTH CYPRESS,2008,2.2129102240515164
GLENBORO-SOUTH CYPRESS,2009,2.1595169263799927
GLENBORO-SOUTH CYPRESS,2010,2.3145477698693746
GLENBORO-SOUTH CYPRESS,2011,2.0743331778715914
GLENELLA-LANSDOWNE,1996,0.9642987071481712
GLENELLA-LANSDOWNE,1997,0.8102474467488103
GLENELLA-LANSDOWNE,1998,0.9714885911307153
GLENELLA-LANSDOWNE,1999,0.7694445417721667
GLENELLA-LANSDOWNE,2000,1.046446794631857
GLENELLA-LANSDOWNE,2001,0.7759031855171358
GLENELLA-LANSDOWNE,2002,0.9746939897123112
GLENELLA-LANSDOWNE,2003,1.144121578023162
GLENELLA-LANSDOWNE,2004,1.2514867962972267
GLENELLA-LANSDOWNE,2005,0.822097145719379
GLENELLA-LANSDOWNE,2006,1.3511686848158628
GLENELLA-LANSDOWNE,2007,1.1763040264883609
GLENELLA-LANSDOWNE,2008,1.1853626427109702
GLENELLA-LANSDOWNE,2009,1.5590092376444973
GLENELLA-LANSDOWNE,2010,0.8648880001552709
GLENELLA-LANSDOWNE,2011,0.8631356545996984
GRAHAMDALE,1996,1.4697654476990154
GRAHAMDALE,1997,1.1065025394086532
GRAHAMDALE,1998,0.974036172416535
GRAHAMDALE,1999,1.1828413779877
GRAHAMDALE,2000,1.083324965306489
GRAHAMDALE,2001,1.0299456680594257
GRAHAMDALE,2002,0.9150373153660462
GRAHAMDALE,2003,0.5405136703098741
GRAHAMDALE,2004,1.3487310829096109
GRAHAMDALE,2005,1.1430282554086786
GRAHAMDALE,2006,1.1025282324762693
GRAHAMDALE,2007,1.3261720289942696
GRAHAMDALE,2008,1.1545050657073672
GRAHAMDALE,2009,1.0548557990402574
GRAHAMDALE,2010,0.9200671707420306
GRAHAMDALE,2011,0.8697964957528389
GRANDVIEW,1996,1.0073769485603832
GRANDVIEW,1997,1.0411198656532519
GRANDVIEW,1998,0.7284915716471602
GRANDVIEW,1999,1.0198667543562943
GRANDVIEW,2000,1.0332311431661765
GRANDVIEW,2001,1.0434588922220827
GRANDVIEW,2002,1.0760532890628647
GRANDVIEW,2003,0.7858185430989212
GRANDVIEW,2004,1.2586475025671398
GRANDVIEW,2005,1.1232800806388148
GRANDVIEW,2006,1.218931495094896
GRANDVIEW,2007,0.9273176290716706
GRANDVIEW,2008,1.3424331764674147
GRANDVIEW,2009,1.12465923132426
GRANDVIEW,2010,0.7730180369021529
GRANDVIEW,2011,0.8618931009877171
GRASSLAND,1996,1.004856943212529
GRASSLAND,1997,0.8271860338897614
GRASSLAND,1998,0.8773106664261996
GRASSLAND,1999,0.7592392536372576
GRASSLAND,2000,1.0472589558724639
GRASSLAND,2001,1.0040681132729923
GRASSLAND,2002,0.8017594654063218
GRASSLAND,2003,0.9104079341882094
GRASSLAND,2004,1.1689351550865226
GRASSLAND,2005,0.7943555434865235
GRASSLAND,2006,1.0039483870494292
GRASSLAND,2007,0.9784936999871389
GRASSLAND,2008,1.2255105792421082
GRASSLAND,2009,1.354731879843861
GRASSLAND,2010,1.145088505405371
GRASSLAND,2011,0.6717775810616974
GREY,1996,1.066720247168906
GREY,1997,1.0275956938296786
GREY,1998,1.0759430696062418
GREY,1999,1.1573826423325941
GREY,2000,1.0793794969275885
GREY,2001,0.6880443433864836
GREY,2002,1.0749820224266864
GREY,2003,1.4944199179032136
GREY,2004,1.2929769434164124
GREY,2005,0.36591870347479283
GREY,2006,1.121079700431497
GREY,2007,1.3472356547304984
GREY,2008,1.453793963662234
GREY,2009,1.2994123344539765
GREY,2010,1.0510312190676938
GREY,2011,0.6652236775271108
HAMIOTA,1996,1.0216819487496491
HAMIOTA,1997,0.8327043401335178
HAMIOTA,1998,0.9179186377043423
HAMIOTA,1999,0.8205157142090572
HAMIOTA,2000,0.9460939040598523
HAMIOTA,2001,1.0029655698951285
HAMIOTA,2002,1.0426313181107356
HAMIOTA,2003,0.9858603985763129
HAMIOTA,2004,0.983822139691196
HAMIOTA,2005,0.9042324807566592
HAMIOTA,2006,1.2551687400553453
HAMIOTA,2007,0.9297409917031336
HAMIOTA,2008,1.1976034604412378
HAMIOTA,2009,1.4830874576848683
HAMIOTA,2010,1.05671846678644
HAMIOTA,2011,0.8269486694637714
HANOVER,1996,2.0079776832225074
HANOVER,1997,1.1328447871311411
HANOVER,1998,1.0060240000332188
HANOVER,1999,1.2999578145122799
HANOVER,2000,1.0151507480721391
HANOVER,2001,0.8659234148369187
HANOVER,2002,1.2635447380578806
HANOVER,2003,1.6193625604917117
HANOVER,2004,1.0419649335423333
HANOVER,2005,0.544663390219367
HANOVER,2006,1.7202428836208399
HANOVER,2007,1.7259388836805403
HANOVER,2008,1.8909984373356998
HANOVER,2009,0.9089897610103358
HANOVER,2010,1.1414347153047397
HANOVER,2011,1.0388098477359076
HARRISON PARK,1996,1.0553915835675969
HARRISON PARK,1997,0.8413165118943252
HARRISON PARK,1998,0.9596710708119437
HARRISON PARK,1999,0.7544314043995538
HARRISON PARK,2000,0.8600118787632348
HARRISON PARK,2001,0.8774881705620771
HARRISON PARK,2002,0.974149421484051
HARRISON PARK,2003,1.0066758089578254
HARRISON PARK,2004,0.8989512007847483
HARRISON PARK,2005,0.8724546761468841
HARRISON PARK,2006,1.0268085530170759
HARRISON PARK,2007,0.8850595117458048
HARRISON PARK,2008,1.1196136098752762
HARRISON PARK,2009,1.01356877257217
HARRISON PARK,2010,0.9094656962944486
HARRISON PARK,2011,0.8970639271661035
HEADINGLEY,1996,0.8185037389081928
HEADINGLEY,1997,0.9098557046495002
HEADINGLEY,1998,1.0531411548732237
HEADINGLEY,1999,1.2703201976857719
HEADINGLEY,2000,0.723209656811724
HEADINGLEY,2001,0.45082268636992795
HEADINGLEY,2002,0.991002664866769
HEADINGLEY,2003,1.2560520581600516
HEADINGLEY,2004,1.3415869316046047
HEADINGLEY,2005,0.14142417962059173
HEADINGLEY,2006,0.889745222290109
HEADINGLEY,2007,1.0755685112325861
HEADINGLEY,2008,0.7960304079685299
HEADINGLEY,2009,0.7932884809230621
HEADINGLEY,2010,0.6366114635309291
HEADINGLEY,2011,0.8332121621807917
HILLSBURG-ROBLIN-SHELL RIVER,1996,1.1079549036542047
HILLSBURG-ROBLIN-SHELL RIVER,1997,0.9323052138065439
HILLSBURG-ROBLIN-SHELL RIVER,1998,1.0461750932616878
HILLSBURG-ROBLIN-SHELL RIVER,1999,1.2174168568646562
HILLSBURG-ROBLIN-SHELL RIVER,2000,1.1470215207467307
HILLSBURG-ROBLIN-SHELL RIVER,2001,1.0914667966629676
HILLSBURG-ROBLIN-SHELL RIVER,2002,0.8866345956606718
HILLSBURG-ROBLIN-SHELL RIVER,2003,0.94177489191368
HILLSBURG-ROBLIN-SHELL RIVER,2004,0.9688070466001888
HILLSBURG-ROBLIN-SHELL RIVER,2005,1.3702267115437077
HILLSBURG-ROBLIN-SHELL RIVER,2006,1.254893753783615
HILLSBURG-ROBLIN-SHELL RIVER,2007,0.8686193821159613
HILLSBURG-ROBLIN-SHELL RIVER,2008,1.3187397509027752
HILLSBURG-ROBLIN-SHELL RIVER,2009,1.1820140147054081
HILLSBURG-ROBLIN-SHELL RIVER,2010,1.251535771302688
HILLSBURG-ROBLIN-SHELL RIVER,2011,1.2222932688409203
KELSEY,1996,0.7591862057409975
KELSEY,1997,0.8526993595773268
KELSEY,1998,0.9668678119257388
KELSEY,1999,1.0102429017235375
KELSEY,2000,0.9695652544075537
KELSEY,2001,1.073896368654574
KELSEY,2002,0.9194198293497216
KELSEY,2003,1.1876227491824107
KELSEY,2004,0.8674505118041108
KELSEY,2005,0.8266850518834951
KELSEY,2006,0.9814136364542817
KELSEY,2007,0.5678065162088848
KELSEY,2008,1.1999764422832169
KELSEY,2009,1.2291386489254106
KELSEY,2010,0.9632037411439979
KELSEY,2011,0.7692705481847818
KILLARNEY-TURTLE MTN,1996,0.8788311583856374
KILLARNEY-TURTLE MTN,1997,0.815029821861121
KILLARNEY-TURTLE MTN,1998,0.9189016757698603
KILLARNEY-TURTLE MTN,1999,0.7197853395234245
KILLARNEY-TURTLE MTN,2000,1.0219882305798365
KILLARNEY-TURTLE MTN,2001,0.9903057916122836
KILLARNEY-TURTLE MTN,2002,0.8694115791476812
KILLARNEY-TURTLE MTN,2003,1.1651918322476937
KILLARNEY-TURTLE MTN,2004,1.0808898297189793
KILLARNEY-TURTLE MTN,2005,0.8848667872940331
KILLARNEY-TURTLE MTN,2006,0.980584415008873
KILLARNEY-TURTLE MTN,2007,1.0313728709314858
KILLARNEY-TURTLE MTN,2008,1.2729411079649315
KILLARNEY-TURTLE MTN,2009,1.391812661095054
KILLARNEY-TURTLE MTN,2010,1.1431112483879755
KILLARNEY-TURTLE MTN,2011,0.837559247781796
LA BROQUERIE,1996,1.2270245814653629
LA BROQUERIE,1998,0.3783540310701421
LA BROQUERIE,1999,0.7302023810288826
LA BROQUERIE,2000,0.5903106887147653
LA BROQUERIE,2002,1.5952483926580936
LA BROQUERIE,2003,1.5999754307864449
LA BROQUERIE,2004,0.7347344776930037
LA BROQUERIE,2005,0.9811061444043396
LA BROQUERIE,2006,1.0480882882181317
LA BROQUERIE,2007,1.5969159060245808
LA BROQUERIE,2008,1.3650202579128086
LA BROQUERIE,2009,0.8682614409919732
LA BROQUERIE,2010,0.8317387321769724
LA BROQUERIE,2011,1.2780321191302186
LAC DU BONNET,1996,1.0306562666359829
LAC DU BONNET,1997,0.9769416476094891
LAC DU BONNET,1998,0.9175562706045051
LAC DU BONNET,1999,1.0759775172780406
LAC DU BONNET,2000,0.8084990290310952
LAC DU BONNET,2001,0.6894302699853223
LAC DU BONNET,2002,0.8602825235015634
LAC DU BONNET,2003,1.1448335784582568
LAC DU BONNET,2004,1.0666954413867964
LAC DU BONNET,2005,0.33591979851400067
LAC DU BONNET,2006,1.2741588848711747
LAC DU BONNET,2007,0.5808850009168598
LAC DU BONNET,2008,1.0198462752041353
LAC DU BONNET,2009,0.618245854484086
LAC DU BONNET,2010,0.4334796546218162
LAC DU BONNET,2011,0.8159418857964071
LAKESHORE,1996,1.1222915899510004
LAKESHORE,1997,0.9318546226390985
LAKESHORE,1998,1.0254385114894182
LAKESHORE,1999,1.081014078809778
LAKESHORE,2000,1.1482219512601417
LAKESHORE,2001,0.9587420162683156
LAKESHORE,2002,0.8956618603910069
LAKESHORE,2003,1.2207616288293601
LAKESHORE,2004,1.4130380133674785
LAKESHORE,2005,1.194365757844552
LAKESHORE,2006,1.0396147862600764
LAKESHORE,2007,0.9770040232221727
LAKESHORE,2008,1.1643524416132685
LAKESHORE,2009,1.1676037640906247
LAKESHORE,2010,0.928067043003189
LAKESHORE,2011,0.9601243381311318
LORNE,1996,1.154863352948794
LORNE,1997,1.0078227069918688
LORNE,1998,1.1558164047210162
LORNE,1999,1.1169021700111028
LORNE,2000,1.1195016009332517
LORNE,2001,1.0396093862626805
LORNE,2002,1.110595989169543
LORNE,2003,1.2917529989120835
LORNE,2004,1.2320022599274547
LORNE,2005,0.9567734709644222
LORNE,2006,1.185500458420151
LORNE,2007,1.1212042004749256
LORNE,2008,1.3880696551185476
LORNE,2009,1.4343214686433543
LORNE,2010,1.3315097177643742
LORNE,2011,1.0448510571453857
LOUISE,1996,0.9811497022679069
LOUISE,1997,0.9636064101813286
LOUISE,1998,1.0888036614344643
LOUISE,1999,1.0780160348628924
LOUISE,2000,1.1497734865500606
LOUISE,2001,1.071748886274271
LOUISE,2002,1.0371018960750948
LOUISE,2003,1.1328999036862748
LOUISE,2004,1.1942229718543347
LOUISE,2005,0.9273752245218028
LOUISE,2006,1.1548739527794876
LOUISE,2007,1.0390876266491191
LOUISE,2008,1.4287763193582486
LOUISE,2009,1.5202785080722294
LOUISE,2010,1.4228280206595258
LOUISE,2011,1.1061081948366314
MACDONALD,1996,1.118796054888894
MACDONALD,1997,0.9497848329948582
MACDONALD,1998,1.0700619080139244
MACDONALD,1999,1.2507804682850627
MACDONALD,2000,0.8167265784590361
MACDONALD,2001,0.5719539939726532
MACDONALD,2002,1.0045206892209144
MACDONALD,2003,1.4369587807745816
MACDONALD,2004,1.1884853802458097
MACDONALD,2005,0.2472941189950124
MACDONALD,2006,0.9584561259462414
MACDONALD,2007,1.068971268053249
MACDONALD,2008,1.3361363372376753
MACDONALD,2009,1.1785862091333212
MACDONALD,2010,0.8096526853816791
MACDONALD,2011,0.6081932698609175
MCCREARY,1996,1.0426798419613257
MCCREARY,1997,0.8311024079093823
MCCREARY,1998,0.958300875982272
MCCREARY,1999,0.8488275070153133
MCCREARY,2000,1.0923666108642154
MCCREARY,2001,0.8310412903549145
MCCREARY,2002,0.9729971882203465
MCCREARY,2003,1.2228156410546496
MCCREARY,2004,1.2276662371480547
MCCREARY,2005,0.8431213385682278
MCCREARY,2006,1.1058245445392116
MCCREARY,2007,0.9759682035592016
MCCREARY,2008,1.1379573204004312
MCCREARY,2009,1.1182362847739002
MCCREARY,2010,0.8283562531829226
MCCREARY,2011,1.0188880992541507
MINITONAS-BOWSMAN,1996,0.960546333846467
MINITONAS-BOWSMAN,1997,0.810750263834169
MINITONAS-BOWSMAN,1998,0.8241960942145481
MINITONAS-BOWSMAN,1999,1.1211094039908942
MINITONAS-BOWSMAN,2000,1.1681042259693193
MINITONAS-BOWSMAN,2001,1.072835576708496
MINITONAS-BOWSMAN,2002,0.9231243385878436
MINITONAS-BOWSMAN,2003,1.1900792555910065
MINITONAS-BOWSMAN,2004,1.1606618609117194
MINITONAS-BOWSMAN,2005,1.276248300266249
MINITONAS-BOWSMAN,2006,1.2237995559709018
MINITONAS-BOWSMAN,2007,0.9771300196016772
MINITONAS-BOWSMAN,2008,1.2618456903627098
MINITONAS-BOWSMAN,2009,1.2410689854304542
MINITONAS-BOWSMAN,2010,0.9174633158150932
MINITONAS-BOWSMAN,2011,1.070132864594867
MINTO-ODANAH,1996,1.0494252495086802
MINTO-ODANAH,1997,0.9008054146608888
MINTO-ODANAH,1998,0.9614742850433473
MINTO-ODANAH,1999,0.6323275054845772
MINTO-ODANAH,2000,0.9687733500696949
MINTO-ODANAH,2001,0.8460981015511784
MINTO-ODANAH,2002,0.9989660938128557
MINTO-ODANAH,2003,1.078727337463971
MINTO-ODANAH,2004,1.0866972396569783
MINTO-ODANAH,2005,0.8477627962015524
MINTO-ODANAH,2006,1.200145747850317
MINTO-ODANAH,2007,1.021639978969609
MINTO-ODANAH,2008,1.263638174135561
MINTO-ODANAH,2009,1.343524999458257
MINTO-ODANAH,2010,0.9725691170584844
MINTO-ODANAH,2011,0.8734484779246734
MONTCALM,1996,1.3899052706012598
MONTCALM,1997,0.7304305405301819
MONTCALM,1998,1.0488590342189905
MONTCALM,1999,1.176450053692201
MONTCALM,2000,1.259782310716149
MONTCALM,2001,0.8477695077667033
MONTCALM,2002,1.062775935567831
MONTCALM,2003,1.3085427271557981
MONTCALM,2004,1.020322584694409
MONTCALM,2005,0.4313442467341011
MONTCALM,2006,1.2987394932849705
MONTCALM,2007,1.4275901203186154
MONTCALM,2008,1.505363172612196
MONTCALM,2009,1.1402125477038263
MONTCALM,2010,1.262367762231765
MONTCALM,2011,1.031121208460998
MORRIS,1996,1.0706374940022456
MORRIS,1997,0.649045235204063
MORRIS,1998,1.050473334547195
MORRIS,1999,1.1227328842303193
MORRIS,2000,1.0195274870926552
MORRIS,2001,0.6544318399967683
MORRIS,2002,0.9457855282778934
MORRIS,2003,1.2132171035995434
MORRIS,2004,0.9774724189438226
MORRIS,2005,0.27109894125147194
MORRIS,2006,1.0616988994745213
MORRIS,2007,1.0897762399908697
MORRIS,2008,1.2866498524394052
MORRIS,2009,1.0719984345500981
MORRIS,2010,1.086800052560052
MORRIS,2011,0.8055928065209723
MOSSEY RIVER,1996,0.8987685305856873
MOSSEY RIVER,1997,0.7522848769704573
MOSSEY RIVER,1998,0.9191670955037679
MOSSEY RIVER,1999,1.1523042785287607
MOSSEY RIVER,2000,1.0143397794600324
MOSSEY RIVER,2001,1.0366202726897646
MOSSEY RIVER,2002,1.035898137373054
MOSSEY RIVER,2003,1.3507676737996357
MOSSEY RIVER,2004,1.191570017636809
MOSSEY RIVER,2005,0.998418034151831
MOSSEY RIVER,2006,1.1363550660664212
MOSSEY RIVER,2007,0.9840012651205766
MOSSEY RIVER,2008,1.059704141927202
MOSSEY RIVER,2009,0.9949198620870506
MOSSEY RIVER,2010,0.4650927374865927
MOSSEY RIVER,2011,0.9768128428756112
MOUNTAIN,1996,0.8297965774327739
MOUNTAIN,1997,0.7941589353795899
MOUNTAIN,1998,0.7569213723534018
MOUNTAIN,1999,0.9781717494600892
MOUNTAIN,2000,0.9911585907023877
MOUNTAIN,2001,0.956300192004353
MOUNTAIN,2002,0.8394628680556813
MOUNTAIN,2003,1.0154875941572108
MOUNTAIN,2004,1.0179173857369463
MOUNTAIN,2005,1.0317448185658058
MOUNTAIN,2006,1.0317577262189561
MOUNTAIN,2007,0.6939290356705141
MOUNTAIN,2008,0.997047699079384
MOUNTAIN,2009,1.0250976846717146
MOUNTAIN,2010,0.6251738921560729
MOUNTAIN,2011,0.8721842509186707
NORFOLK-TREHERNE,1996,1.0563534909213679
NORFOLK-TREHERNE,1997,0.98680484841777
NORFOLK-TREHERNE,1998,1.0449548893786214
NORFOLK-TREHERNE,1999,1.3042138078972667
NORFOLK-TREHERNE,2000,1.2113033236619646
NORFOLK-TREHERNE,2001,1.08951011447223
NORFOLK-TREHERNE,2002,1.4527968189232585
NORFOLK-TREHERNE,2003,1.7375219475626542
NORFOLK-TREHERNE,2004,1.5516687873457786
NORFOLK-TREHERNE,2005,1.15144513564121
NORFOLK-TREHERNE,2006,1.664984611458262
NORFOLK-TREHERNE,2007,1.6904358386521894
NORFOLK-TREHERNE,2008,1.9479437033580855
NORFOLK-TREHERNE,2009,1.9222663634399002
NORFOLK-TREHERNE,2010,1.7504166522662663
NORFOLK-TREHERNE,2011,1.256972457163488
NORTH CYPRESS-LANGFORD,1996,2.0822468020866203
NORTH CYPRESS-LANGFORD,1997,1.8894609104063473
NORTH CYPRESS-LANGFORD,1998,2.094010003614777
NORTH CYPRESS-LANGFORD,1999,1.9353164049194844
NORTH CYPRESS-LANGFORD,2000,2.22270777779951
NORTH CYPRESS-LANGFORD,2001,2.160935537649148
NORTH CYPRESS-LANGFORD,2002,2.314692370281678
NORTH CYPRESS-LANGFORD,2003,2.4395933136813452
NORTH CYPRESS-LANGFORD,2004,2.6243339984466374
NORTH CYPRESS-LANGFORD,2005,2.4828753710820672
NORTH CYPRESS-LANGFORD,2006,2.9777742019200284
NORTH CYPRESS-LANGFORD,2007,2.678423023593817
NORTH CYPRESS-LANGFORD,2008,2.8927459326507803
NORTH CYPRESS-LANGFORD,2009,2.829107977724249
NORTH CYPRESS-LANGFORD,2010,3.0040715268509675
NORTH CYPRESS-LANGFORD,2011,2.621812874701313
NORTH NORFOLK,1996,1.397387476464373
NORTH NORFOLK,1997,1.347097790107921
NORTH NORFOLK,1998,1.335150340063551
NORTH NORFOLK,1999,1.4545376438068622
NORTH NORFOLK,2000,1.5411919865151176
NORTH NORFOLK,2001,1.381005929577734
NORTH NORFOLK,2002,1.60621764816258
NORTH NORFOLK,2003,1.9858695303165819
NORTH NORFOLK,2004,1.7557267808341832
NORTH NORFOLK,2005,1.0392367181899798
NORTH NORFOLK,2006,1.6031058762089299
NORTH NORFOLK,2007,1.6971080271998988
NORTH NORFOLK,2008,1.8651543489373879
NORTH NORFOLK,2009,1.7770207240963098
NORTH NORFOLK,2010,1.5956008196299882
NORTH NORFOLK,2011,1.3345463939868156
OAKLAND-WAWANESA,1996,1.0332458943830274
OAKLAND-WAWANESA,1997,0.9131778278322944
OAKLAND-WAWANESA,1998,0.8365816338519445
OAKLAND-WAWANESA,1999,0.6213746353843099
OAKLAND-WAWANESA,2000,1.065499950108993
OAKLAND-WAWANESA,2001,0.9430384763775139
OAKLAND-WAWANESA,2002,0.9695596749154364
OAKLAND-WAWANESA,2003,0.906546112625046
OAKLAND-WAWANESA,2004,1.2467096839623535
OAKLAND-WAWANESA,2005,0.9148522852655582
OAKLAND-WAWANESA,2006,1.0170318330254013
OAKLAND-WAWANESA,2007,0.9506621459722786
OAKLAND-WAWANESA,2008,1.2011470529195634
OAKLAND-WAWANESA,2009,1.3628583436336985
OAKLAND-WAWANESA,2010,1.133939434111827
OAKLAND-WAWANESA,2011,0.7782585571479638
OAKVIEW,1996,0.9871421972973368
OAKVIEW,1997,0.8790513310607002
OAKVIEW,1998,0.9378371988669707
OAKVIEW,1999,0.674135601372831
OAKVIEW,2000,0.9809860915814711
OAKVIEW,2001,0.8715572943828935
OAKVIEW,2002,1.0077556406287953
OAKVIEW,2003,1.0536114061491921
OAKVIEW,2004,0.8950198595671366
OAKVIEW,2005,0.8099258606113802
OAKVIEW,2006,1.109555115857782
OAKVIEW,2007,0.9508904680660196
OAKVIEW,2008,1.1984605477542776
OAKVIEW,2009,1.2711386953628312
OAKVIEW,2010,0.9723555356609201
OAKVIEW,2011,0.8644406585025842
PEMBINA,1996,1.0483812981775336
PEMBINA,1997,0.9361598252024423
PEMBINA,1998,1.0706758184056386
PEMBINA,1999,1.1548554219940435
PEMBINA,2000,1.1292965898259086
PEMBINA,2001,1.0431134845937498
PEMBINA,2002,1.015536438456104
PEMBINA,2003,1.2559854917311293
PEMBINA,2004,1.0851882544482256
PEMBINA,2005,0.7584492813307686
PEMBINA,2006,1.150443133127138
PEMBINA,2007,1.0239823110187447
PEMBINA,2008,1.3802856209718288
PEMBINA,2009,1.2902551464131322
PEMBINA,2010,1.1585136289306002
PEMBINA,2011,0.8608920277799719
PINEY,1996,1.809885848101864
PINEY,1997,1.1220742343945445
PINEY,1998,0.5225959784649487
PINEY,1999,0.34679344191417943
PINEY,2000,0.9535689402031289
PINEY,2001,0.7961986267857402
PINEY,2002,0.7506540466164575
PINEY,2003,1.0351658473057408
PINEY,2004,0.935896561808538
PINEY,2005,0.817533085542259
PINEY,2006,0.5467846878132774
PINEY,2007,1.1252930806757813
PINEY,2008,1.2821758332651951
PINEY,2009,0.9712367877096083
PINEY,2010,1.1224821377776162
PINEY,2011,1.7166571818070973
PIPESTONE,1996,0.7816295653358022
PIPESTONE,1997,0.6584611525602418
PIPESTONE,1998,0.6529966370697977
PIPESTONE,1999,0.639174893290354
PIPESTONE,2000,0.9519125054443978
PIPESTONE,2001,0.8012610379250317
PIPESTONE,2002,0.7696407601197945
PIPESTONE,2003,0.8383920295294874
PIPESTONE,2004,1.0354842905593358
PIPESTONE,2005,0.6435509296752188
PIPESTONE,2006,0.877659148335611
PIPESTONE,2007,0.8828534112968807
PIPESTONE,2008,1.074975524988636
PIPESTONE,2009,1.0764635857344516
PIPESTONE,2010,0.9368728119446472
PIPESTONE,2011,0.646537454583876
PORTAGE LA PRAIRIE,1996,1.590946874545642
PORTAGE LA PRAIRIE,1997,1.3512347049140037
PORTAGE LA PRAIRIE,1998,1.4101943515294686
PORTAGE LA PRAIRIE,1999,1.4881330994485578
PORTAGE LA PRAIRIE,2000,1.531674375644982
PORTAGE LA PRAIRIE,2001,1.296585563555112
PORTAGE LA PRAIRIE,2002,1.539884100713742
PORTAGE LA PRAIRIE,2003,1.8899523854654001
PORTAGE LA PRAIRIE,2004,1.5070634441002717
PORTAGE LA PRAIRIE,2005,0.6625053447389291
PORTAGE LA PRAIRIE,2006,1.5379620167685368
PORTAGE LA PRAIRIE,2007,1.4662374280143107
PORTAGE LA PRAIRIE,2008,1.5639928629484057
PORTAGE LA PRAIRIE,2009,1.5618332630883507
PORTAGE LA PRAIRIE,2010,1.384912494986804
PORTAGE LA PRAIRIE,2011,1.1530484969560464
PRAIRIE LAKES,1996,0.8706748287616541
PRAIRIE LAKES,1997,0.7487967120445288
PRAIRIE LAKES,1998,0.8637151856601215
PRAIRIE LAKES,1999,0.6765519472054853
PRAIRIE LAKES,2000,1.0095821443300401
PRAIRIE LAKES,2001,0.9354276989348644
PRAIRIE LAKES,2002,0.9151411625268848
PRAIRIE LAKES,2003,0.9549287505973807
PRAIRIE LAKES,2004,1.1918298298761922
PRAIRIE LAKES,2005,0.890820485898404
PRAIRIE LAKES,2006,0.9671773316120135
PRAIRIE LAKES,2007,1.003287707067483
PRAIRIE LAKES,2008,1.2208546336275576
PRAIRIE LAKES,2009,1.3639894399021573
PRAIRIE LAKES,2010,1.1612713903891736
PRAIRIE LAKES,2011,0.8472402035886826
PRAIRIE VIEW,1996,1.0496528300646775
PRAIRIE VIEW,1997,0.8215710828329049
PRAIRIE VIEW,1998,0.943898455245041
PRAIRIE VIEW,1999,0.8986510064921464
PRAIRIE VIEW,2000,1.0240260646206731
PRAIRIE VIEW,2001,0.9137045597331934
PRAIRIE VIEW,2002,1.0194560963357406
PRAIRIE VIEW,2003,1.040386578722662
PRAIRIE VIEW,2004,0.8380821145397491
PRAIRIE VIEW,2005,0.8754904920212748
PRAIRIE VIEW,2006,1.14050973656321
PRAIRIE VIEW,2007,0.987132106842733
PRAIRIE VIEW,2008,1.2155195101302239
PRAIRIE VIEW,2009,1.164107337951047
PRAIRIE VIEW,2010,1.0331385942649767
PRAIRIE VIEW,2011,0.8615154812466417
REYNOLDS,1996,1.23723819661411
REYNOLDS,1997,1.3192468862142395
REYNOLDS,1998,0.8956671204345868
REYNOLDS,1999,1.158497392515409
REYNOLDS,2000,0.8411161587654856
REYNOLDS,2001,0.6107615208910732
REYNOLDS,2002,0.316480842676577
REYNOLDS,2003,0.7944231248329915
REYNOLDS,2004,0.8126306607730346
REYNOLDS,2005,0.13421240473486556
REYNOLDS,2006,0.5115952741741061
REYNOLDS,2007,0.37251452274985974
REYNOLDS,2008,0.9892167298518908
REYNOLDS,2009,0.3661832042126914
REYNOLDS,2010,0.6417378356517209
REYNOLDS,2011,0.6324615378337951
RHINELAND,1996,1.7268725701408303
RHINELAND,1997,1.0254771824897315
RHINELAND,1998,1.2780856542248913
RHINELAND,1999,1.410818375992901
RHINELAND,2000,1.4082567255443075
RHINELAND,2001,1.2382197075331578
RHINELAND,2002,1.2515756141009455
RHINELAND,2003,1.571203525595545
RHINELAND,2004,1.0455942502246949
RHINELAND,2005,0.7668512639397124
RHINELAND,2006,1.5489744855231606
RHINELAND,2007,1.5808959413748493
RHINELAND,2008,1.7033356893581568
RHINELAND,2009,1.1665660664441
RHINELAND,2010,1.4453417179653012
RHINELAND,2011,1.2816185788477956
RIDING MOUNTAIN WEST,1996,1.0145785214426732
RIDING MOUNTAIN WEST,1997,0.9013434555260872
RIDING MOUNTAIN WEST,1998,0.8816740049077171
RIDING MOUNTAIN WEST,1999,1.011163368675093
RIDING MOUNTAIN WEST,2000,1.0217322758426346
RIDING MOUNTAIN WEST,2001,1.009209529691278
RIDING MOUNTAIN WEST,2002,1.071028983266216
RIDING MOUNTAIN WEST,2003,1.0431966768771392
RIDING MOUNTAIN WEST,2004,0.8797443827128717
RIDING MOUNTAIN WEST,2005,1.111372017367608
RIDING MOUNTAIN WEST,2006,1.1724668771378954
RIDING MOUNTAIN WEST,2007,1.0157732534365758
RIDING MOUNTAIN WEST,2008,1.1687656654033896
RIDING MOUNTAIN WEST,2009,1.1579971603558894
RIDING MOUNTAIN WEST,2010,1.0765843167820022
RIDING MOUNTAIN WEST,2011,0.9558689055700357
RITCHOT,1996,1.1025841719228056
RITCHOT,1997,0.856326107535964
RITCHOT,1998,0.9241287160074101
RITCHOT,1999,1.247383041696956
RITCHOT,2000,0.7398475362105202
RITCHOT,2001,0.5767086585597564
RITCHOT,2002,1.0464952666214433
RITCHOT,2003,1.4104962092603932
RITCHOT,2004,1.172992427678933
RITCHOT,2005,0.31657177104374984
RITCHOT,2006,1.0412709384924606
RITCHOT,2007,1.1757186577992682
RITCHOT,2008,1.3829156950164694
RITCHOT,2009,1.0500948927716096
RITCHOT,2010,0.8678085098515455
RITCHOT,2011,0.6658940629089221
RIVERDALE,1996,0.8790396260385325
RIVERDALE,1997,0.6896048273445238
RIVERDALE,1998,0.8654140894461785
RIVERDALE,1999,0.717506981485838
RIVERDALE,2000,0.9875125467523593
RIVERDALE,2001,0.8549360119967532
RIVERDALE,2002,0.872717769175592
RIVERDALE,2003,0.8334098364113409
RIVERDALE,2004,1.1240341394822029
RIVERDALE,2005,0.8908784170529348
RIVERDALE,2006,1.0600547087746959
RIVERDALE,2007,0.9986566811621765
RIVERDALE,2008,1.1271956447681806
RIVERDALE,2009,1.103691521240974
RIVERDALE,2010,1.0751187510857778
RIVERDALE,2011,0.9293556107794234
ROCKWOOD,1996,1.1740326018547078
ROCKWOOD,1997,1.0320131410455122
ROCKWOOD,1998,1.142585570329595
ROCKWOOD,1999,1.2816058158432797
ROCKWOOD,2000,1.1127943541834597
ROCKWOOD,2001,0.7950736168028995
ROCKWOOD,2002,1.0303075737698957
ROCKWOOD,2003,1.302390452694654
ROCKWOOD,2004,1.3276596329828358
ROCKWOOD,2005,0.656536626167379
ROCKWOOD,2006,1.1647313963262182
ROCKWOOD,2007,1.2136894075915208
ROCKWOOD,2008,1.2507278899664052
ROCKWOOD,2009,1.2167290499366836
ROCKWOOD,2010,0.8110573294087108
ROCKWOOD,2011,0.7890323862327344
ROLAND,1996,1.0587033545943623
ROLAND,1997,0.9310987013181475
ROLAND,1998,1.170834820014711
ROLAND,1999,1.1492056024353072
ROLAND,2000,1.2004616287715697
ROLAND,2001,1.0124610755594319
ROLAND,2002,1.1569965351516243
ROLAND,2003,1.4710660189128413
ROLAND,2004,1.0269074811511698
ROLAND,2005,0.7174760869596777
ROLAND,2006,1.3237243702949255
ROLAND,2007,1.2746137955528078
ROLAND,2008,1.5214413860886973
ROLAND,2009,1.2372255463088226
ROLAND,2010,1.382322604267902
ROLAND,2011,1.1185431198686153
ROSEDALE,1996,1.0704963464625985
ROSEDALE,1997,0.8338703361570701
ROSEDALE,1998,0.9757348311334811
ROSEDALE,1999,0.7711527688137035
ROSEDALE,2000,1.0986476350413446
ROSEDALE,2001,0.8860284864621458
ROSEDALE,2002,0.942095934922743
ROSEDALE,2003,1.0993323645228654
ROSEDALE,2004,1.2552072998752313
ROSEDALE,2005,0.9965594014671333
ROSEDALE,2006,1.3244378845135545
ROSEDALE,2007,1.1364118673410228
ROSEDALE,2008,1.2900935048595779
ROSEDALE,2009,1.3705457028350847
ROSEDALE,2010,1.0867169484493917
ROSEDALE,2011,0.9464947271833695
ROSSBURN,1996,1.0043093218007804
ROSSBURN,1997,0.9411660462012108
ROSSBURN,1998,0.8480861770663177
ROSSBURN,1999,0.873295804078234
ROSSBURN,2000,0.9921707156685431
ROSSBURN,2001,0.9768105112020953
ROSSBURN,2002,1.0739433308079436
ROSSBURN,2003,1.0468239413135372
ROSSBURN,2004,0.7888899136153146
ROSSBURN,2005,1.0576726913220835
ROSSBURN,2006,1.1396624562053896
ROSSBURN,2007,0.9358384613528464
ROSSBURN,2008,1.2240270383942817
ROSSBURN,2009,1.0958977909446195
ROSSBURN,2010,1.225515963634444
ROSSBURN,2011,1.0221241561780916
ROSSER,1996,1.2139334808845226
ROSSER,1997,1.051610290544852
ROSSER,1998,0.9539020922655442
ROSSER,1999,1.2956502252684379
ROSSER,2000,1.0904339128484237
ROSSER,2001,0.7713084801076069
ROSSER,2002,1.0532698362254156
ROSSER,2003,1.2990106401437944
ROSSER,2004,1.25884173859882
ROSSER,2005,0.33008731827426996
ROSSER,2006,1.0289199012244705
ROSSER,2007,1.4624939173767104
ROSSER,2008,1.3956018960718395
ROSSER,2009,1.1663880295125741
ROSSER,2010,0.8162003263796684
ROSSER,2011,0.68222780040418
RUSSELL-BINSCARTH,1996,0.9723559782976197
RUSSELL-BINSCARTH,1997,0.9273916482847003
RUSSELL-BINSCARTH,1998,0.9251967507117471
RUSSELL-BINSCARTH,1999,1.0633777760385517
RUSSELL-BINSCARTH,2000,1.1051657206495422
RUSSELL-BINSCARTH,2001,1.0121478137951452
RUSSELL-BINSCARTH,2002,1.0534337870821058
RUSSELL-BINSCARTH,2003,0.9883395587357499
RUSSELL-BINSCARTH,2004,0.8853705506869889
RUSSELL-BINSCARTH,2005,1.1103588875557604
RUSSELL-BINSCARTH,2006,1.146546444999352
RUSSELL-BINSCARTH,2007,0.9547604352932857
RUSSELL-BINSCARTH,2008,1.178647205203827
RUSSELL-BINSCARTH,2009,1.0909831288128382
RUSSELL-BINSCARTH,2010,1.0492574875868925
RUSSELL-BINSCARTH,2011,0.9265129291689711
SIFTON,1996,0.864228846900315
SIFTON,1997,0.7394155045989408
SIFTON,1998,0.7480311924888734
SIFTON,1999,0.5560432744730792
SIFTON,2000,0.8324461781630438
SIFTON,2001,0.7693584380715529
SIFTON,2002,0.605119528950928
SIFTON,2003,0.7628984612338211
SIFTON,2004,1.0566266961352293
SIFTON,2005,0.70304805536552
SIFTON,2006,0.668504493345545
SIFTON,2007,0.9100499282904464
SIFTON,2008,1.0622038815608932
SIFTON,2009,0.7790994037493487
SIFTON,2010,0.7878167831312609
SIFTON,2011,0.681096140395448
SOURIS-GLENWOOD,1996,1.1258392585467683
SOURIS-GLENWOOD,1997,0.8904514720590138
SOURIS-GLENWOOD,1998,0.9180268216406846
SOURIS-GLENWOOD,1999,0.7579895567541551
SOURIS-GLENWOOD,2000,1.058191332406094
SOURIS-GLENWOOD,2001,0.9934874852154177
SOURIS-GLENWOOD,2002,0.7783893110711828
SOURIS-GLENWOOD,2003,0.9193159895708491
SOURIS-GLENWOOD,2004,1.205096236899636
SOURIS-GLENWOOD,2005,0.975647775762765
SOURIS-GLENWOOD,2006,1.3474877281961986
SOURIS-GLENWOOD,2007,1.5941872350562152
SOURIS-GLENWOOD,2008,1.6580956235395474
SOURIS-GLENWOOD,2009,1.2583881276328421
SOURIS-GLENWOOD,2010,1.0727285112001166
SOURIS-GLENWOOD,2011,0.6455248237886145
SPRINGFIELD,1996,1.0392024566287204
SPRINGFIELD,1997,0.9015317970767407
SPRINGFIELD,1998,0.8859401497073345
SPRINGFIELD,1999,1.270781504956465
SPRINGFIELD,2000,0.7474660408614495
SPRINGFIELD,2001,0.47600678400425667
SPRINGFIELD,2002,0.9519494436922232
SPRINGFIELD,2003,1.4183876227861651
SPRINGFIELD,2004,1.1068874504382822
SPRINGFIELD,2005,0.20980310815542652
SPRINGFIELD,2006,1.238879627326435
SPRINGFIELD,2007,0.9493622750239739
SPRINGFIELD,2008,1.294414234088029
SPRINGFIELD,2009,0.8586313972882338
SPRINGFIELD,2010,0.5422783076480066
SPRINGFIELD,2011,0.8522026467631862
ST. ANDREWS,1996,1.0519124175070789
ST. ANDREWS,1997,0.9130531342926487
ST. ANDREWS,1998,0.9766441094376137
ST. ANDREWS,1999,1.2217349939874316
ST. ANDREWS,2000,0.8709389150091373
ST. ANDREWS,2001,0.6353116084719037
ST. ANDREWS,2002,0.9237549476023208
ST. ANDREWS,2003,1.3492155686442633
ST. ANDREWS,2004,1.3120296195357581
ST. ANDREWS,2005,0.4151588024357741
ST. ANDREWS,2006,1.0648127030294217
ST. ANDREWS,2007,1.1750858768245278
ST. ANDREWS,2008,1.1480790427697092
ST. ANDREWS,2009,0.8703937065242353
ST. ANDREWS,2010,0.5144091751409574
ST. ANDREWS,2011,0.5946710218247815
ST. CLEMENTS,1996,1.0549364244330235
ST. CLEMENTS,1997,0.9499395155789883
ST. CLEMENTS,1998,1.140267800018302
ST. CLEMENTS,1999,1.1916991113088327
ST. CLEMENTS,2000,0.8611268896984894
ST. CLEMENTS,2001,0.7564825567069144
ST. CLEMENTS,2002,1.0617954645853271
ST. CLEMENTS,2003,1.311229217914428
ST. CLEMENTS,2004,1.2543421117731364
ST. CLEMENTS,2005,0.5304220487578715
ST. CLEMENTS,2006,1.2332334962184712
ST. CLEMENTS,2007,1.096559134935856
ST. CLEMENTS,2008,1.2513162088654493
ST. CLEMENTS,2009,0.9646834829251276
ST. CLEMENTS,2010,0.8062849330016202
ST. CLEMENTS,2011,0.8979952561820231
ST. FRANCIS XAVIER,1996,1.1728109718935673
ST. FRANCIS XAVIER,1997,1.0845105615028214
ST. FRANCIS XAVIER,1998,1.0121140565764128
ST. FRANCIS XAVIER,1999,1.358744479164896
ST. FRANCIS XAVIER,2000,1.2648448585521748
ST. FRANCIS XAVIER,2001,0.8107397595676491
ST. FRANCIS XAVIER,2002,1.1054460467147476
ST. FRANCIS XAVIER,2003,1.2396262384015013
ST. FRANCIS XAVIER,2004,1.3801000403339778
ST. FRANCIS XAVIER,2005,0.2905521525357015
ST. FRANCIS XAVIER,2006,1.0090989493278169
ST. FRANCIS XAVIER,2007,1.4236997079549376
ST. FRANCIS XAVIER,2008,1.3626331120391775
ST. FRANCIS XAVIER,2009,1.1985145412364366
ST. FRANCIS XAVIER,2010,0.7679821762687854
ST. FRANCIS XAVIER,2011,0.5779682876653658
ST. LAURENT,1996,2.205
ST. LAURENT,1997,0.8965758335363622
ST. LAURENT,1998,1.0384323982807573
ST. LAURENT,1999,0.722014251488471
ST. LAURENT,2000,0.3594684156485677
ST. LAURENT,2001,0.4405651054284282
ST. LAURENT,2002,0.4355678996394807
ST. LAURENT,2003,0.2891008676125291
ST. LAURENT,2004,0.4901826525103089
ST. LAURENT,2005,0.09799759150809269
ST. LAURENT,2006,0.28990337351820195
ST. LAURENT,2007,0.3452952877523675
ST. LAURENT,2009,0.05348795637125863
ST. LAURENT,2010,0.005908209186260755
STANLEY,1996,1.6934640930229659
STANLEY,1997,1.4249910061052096
STANLEY,1998,1.6034374266586684
STANLEY,1999,1.7647180145274755
STANLEY,2000,2.0457693424634913
STANLEY,2001,1.856917067056663
STANLEY,2002,1.459835600240497
STANLEY,2003,2.178125581406976
STANLEY,2004,1.3781390384413226
STANLEY,2005,1.0460238123908527
STANLEY,2006,1.736765941858215
STANLEY,2007,1.6832295775852952
STANLEY,2008,1.7540824722435593
STANLEY,2009,1.5761316067502726
STANLEY,2010,1.592738148694542
STANLEY,2011,1.3815042741833747
STE. ANNE,1996,1.229271767168791
STE. ANNE,1997,1.1314118579453165
STE. ANNE,1998,0.8849803812702629
STE. ANNE,1999,1.5246392729672473
STE. ANNE,2000,0.9661496694461622
STE. ANNE,2001,0.9413152233028447
STE. ANNE,2002,1.0943111120344573
STE. ANNE,2003,1.4049273944512337
STE. ANNE,2004,0.7002414473504125
STE. ANNE,2005,0.22528230542857292
STE. ANNE,2006,1.4213666435322636
STE. ANNE,2007,1.4406922906101234
STE. ANNE,2008,1.6981102334935783
STE. ANNE,2009,1.0293748638675613
STE. ANNE,2010,0.8098846467592387
STE. ANNE,2011,0.9772858536243498
STE. ROSE,1996,1.1837592164518531
STE. ROSE,1997,1.0020489839210645
STE. ROSE,1998,0.9958613771433172
STE. ROSE,1999,1.1951050870867572
STE. ROSE,2000,1.3055904982124276
STE. ROSE,2001,1.0877939536430556
STE. ROSE,2002,0.9602014344789757
STE. ROSE,2003,1.208809367632931
STE. ROSE,2004,1.2822864158522904
STE. ROSE,2005,1.141816250139725
STE. ROSE,2006,1.0490159900428004
STE. ROSE,2007,0.8735531770199342
STE. ROSE,2008,1.4231396534803504
STE. ROSE,2009,1.3661090258991686
STE. ROSE,2010,0.8731107894364775
STE. ROSE,2011,0.9747231994217942
STUARTBURN,1996,0.9541261445880698
STUARTBURN,1997,0.6697284059631434
STUARTBURN,2000,0.32482205532384156
STUARTBURN,2001,0.3590192696320944
STUARTBURN,2002,0.8597035741963429
STUARTBURN,2003,0.981579542624565
STUARTBURN,2004,1.2419104771531448
STUARTBURN,2005,1.1700169580925117
STUARTBURN,2006,0.7654226043693648
STUARTBURN,2007,1.2621751554299667
STUARTBURN,2008,1.0529783536916735
STUARTBURN,2009,0.7623465830837585
STUARTBURN,2010,0.903368478191863
STUARTBURN,2011,1.078508103192489
SWAN VALLEY WEST,1996,0.9519496312558011
SWAN VALLEY WEST,1997,0.9401322446296898
SWAN VALLEY WEST,1998,0.8952585285368235
SWAN VALLEY WEST,1999,1.1605995854631197
SWAN VALLEY WEST,2000,1.1456280003684336
SWAN VALLEY WEST,2001,1.003040352504526
SWAN VALLEY WEST,2002,0.8275905792395534
SWAN VALLEY WEST,2003,1.1527708123368103
SWAN VALLEY WEST,2004,1.1409848469705284
SWAN VALLEY WEST,2005,1.2985707729178926
SWAN VALLEY WEST,2006,1.1799388598511211
SWAN VALLEY WEST,2007,1.1041298738660072
SWAN VALLEY WEST,2008,1.3516861975140424
SWAN VALLEY WEST,2009,1.2511741157154455
SWAN VALLEY WEST,2010,1.062975275627222
SWAN VALLEY WEST,2011,1.2117677206647275
TACHE,1996,1.1514339715108688
TACHE,1997,1.032413443915129
TACHE,1998,0.9354102775488067
TACHE,1999,1.3686793284531564
TACHE,2000,0.8404546004638999
TACHE,2001,0.4284882312259687
TACHE,2002,0.8925044527357111
TACHE,2003,1.3729964570011235
TACHE,2004,1.0209639820596015
TACHE,2005,0.33493238980525486
TACHE,2006,1.1610237209910839
TACHE,2007,1.0846381609465352
TACHE,2008,1.355786466430156
TACHE,2009,0.9424239565428043
TACHE,2010,0.6861411494142383
TACHE,2011,0.8826652129074283
THOMPSON,1996,1.057027247853645
THOMPSON,1997,1.0156412150518919
THOMPSON,1998,1.1322688972980524
THOMPSON,1999,1.133153630529398
THOMPSON,2000,1.176080749744456
THOMPSON,2001,1.025009703240498
THOMPSON,2002,1.018442428318031
THOMPSON,2003,1.4815028813116258
THOMPSON,2004,1.0668503191961056
THOMPSON,2005,0.7796824178096574
THOMPSON,2006,1.2779837846759532
THOMPSON,2007,1.1943183463470906
THOMPSON,2008,1.4928597695176264
THOMPSON,2009,1.4101359539098997
THOMPSON,2010,1.3582033539573848
THOMPSON,2011,1.030956241811701
TWO BORDERS,1996,0.773133229590201
TWO BORDERS,1997,0.6216177655835334
TWO BORDERS,1998,0.7427088230832914
TWO BORDERS,1999,0.6282854027587838
TWO BORDERS,2000,0.9938509722982151
TWO BORDERS,2001,0.846148694786971
TWO BORDERS,2002,0.633893222770468
TWO BORDERS,2003,0.8282995322976698
TWO BORDERS,2004,1.0776757897500118
TWO BORDERS,2005,0.7353745617052262
TWO BORDERS,2006,0.898050144383925
TWO BORDERS,2007,1.0214849525497256
TWO BORDERS,2008,0.9506201573037012
TWO BORDERS,2009,1.1715158807898325
TWO BORDERS,2010,1.0671519484789207
TWO BORDERS,2011,0.8144632676715774
UNORG TERRITORY,1996,0.7321426140705066
UNORG TERRITORY,1997,0.822177585188026
UNORG TERRITORY,1998,0.7431154187262576
UNORG TERRITORY,1999,0.3387838910187067
UNORG TERRITORY,2000,0.5258742727486578
UNORG TERRITORY,2001,0.5557847052236345
UNORG TERRITORY,2002,0.8817182221834596
UNORG TERRITORY,2003,0.5209598997199846
UNORG TERRITORY,2004,0.7265758055381412
UNORG TERRITORY,2005,0.779974059818265
UNORG TERRITORY,2006,0.8752199946737068
UNORG TERRITORY,2007,0.5774455152570652
UNORG TERRITORY,2008,0.23703039399019493
UNORG TERRITORY,2009,0.4009915549143164
UNORG TERRITORY,2010,0.2187743711576412
UNORG TERRITORY,2011,0.316311883097116
VICTORIA,1996,1.323646829753764
VICTORIA,1997,1.1083163935296265
VICTORIA,1998,1.3149483173546122
VICTORIA,1999,1.3743405442789505
VICTORIA,2000,1.5573800803757725
VICTORIA,2001,1.3974018782591573
VICTORIA,2002,1.621485735263675
VICTORIA,2003,1.7850415011051401
VICTORIA,2004,1.9540460961327062
VICTORIA,2005,1.487117141651387
VICTORIA,2006,1.5706177204585634
VICTORIA,2007,1.4974211653261291
VICTORIA,2008,1.8190702601204154
VICTORIA,2009,1.8552387696221486
VICTORIA,2010,1.8984105557507645
VICTORIA,2011,1.6483924797053071
WALLACE-WOODWORTH,1996,0.9916694519173028
WALLACE-WOODWORTH,1997,0.7650961249901367
WALLACE-WOODWORTH,1998,0.8673282004699967
WALLACE-WOODWORTH,1999,0.8170621560334922
WALLACE-WOODWORTH,2000,1.0781644097331795
WALLACE-WOODWORTH,2001,0.9306968771921569
WALLACE-WOODWORTH,2002,0.8711783274949572
WALLACE-WOODWORTH,2003,0.9315025738342729
WALLACE-WOODWORTH,2004,1.1999075992881494
WALLACE-WOODWORTH,2005,0.8138681960161693
WALLACE-WOODWORTH,2006,1.045854312138771
WALLACE-WOODWORTH,2007,0.9721196687998964
WALLACE-WOODWORTH,2008,1.2126412561828144
WALLACE-WOODWORTH,2009,1.2382563730624723
WALLACE-WOODWORTH,2010,1.114030932455348
WALLACE-WOODWORTH,2011,0.8917208536494925
WEST INTERLAKE,1996,1.7234840964719806
WEST INTERLAKE,1997,1.2497350907643108
WEST INTERLAKE,1998,1.3023497299057618
WEST INTERLAKE,1999,1.5413303124087854
WEST INTERLAKE,2000,1.2908243754530289
WEST INTERLAKE,2001,1.4489227496252355
WEST INTERLAKE,2002,1.0135953261020225
WEST INTERLAKE,2003,0.5695260785539296
WEST INTERLAKE,2004,1.5566272621506276
WEST INTERLAKE,2005,1.3917035372628273
WEST INTERLAKE,2006,1.1163528081415217
WEST INTERLAKE,2007,1.394618058024786
WEST INTERLAKE,2008,1.046230918129722
WEST INTERLAKE,2009,1.2217313148662527
WEST INTERLAKE,2010,1.0370256844639525
WEST INTERLAKE,2011,0.8359743536284598
WEST ST. PAUL,1996,0.9815060171906096
WEST ST. PAUL,1997,0.7637706491942385
WEST ST. PAUL,1998,0.8639634773821756
WEST ST. PAUL,1999,0.9649100219332098
WEST ST. PAUL,2000,0.5646445884413966
WEST ST. PAUL,2001,0.5408059334415688
WEST ST. PAUL,2002,0.6776521745527446
WEST ST. PAUL,2003,0.9369504733680238
WEST ST. PAUL,2004,0.8941534823884377
WEST ST. PAUL,2005,0.2045276073691517
WEST ST. PAUL,2006,0.41614628610255033
WEST ST. PAUL,2007,0.6240174737549784
WEST ST. PAUL,2008,0.4078616926125251
WEST ST. PAUL,2009,0.13961675776778323
WEST ST. PAUL,2010,0.37743363100847066
WEST ST. PAUL,2011,0.39199999999999996
WESTLAKE-GLADSTONE,1996,1.1228785897660065
WESTLAKE-GLADSTONE,1997,1.0065632832945917
WESTLAKE-GLADSTONE,1998,1.1558987617620085
WESTLAKE-GLADSTONE,1999,1.0972756062406481
WESTLAKE-GLADSTONE,2000,1.1395216626093874
WESTLAKE-GLADSTONE,2001,0.9387698109918263
WESTLAKE-GLADSTONE,2002,1.0665999694627457
WESTLAKE-GLADSTONE,2003,1.3591311421191081
WESTLAKE-GLADSTONE,2004,1.4453805618599407
WESTLAKE-GLADSTONE,2005,0.7954011469043901
WESTLAKE-GLADSTONE,2006,1.2778882557901439
WESTLAKE-GLADSTONE,2007,1.2226370875495784
WESTLAKE-GLADSTONE,2008,1.321693853782097
WESTLAKE-GLADSTONE,2009,1.4267549346531445
WESTLAKE-GLADSTONE,2010,1.026050390762384
WESTLAKE-GLADSTONE,2011,0.8562367897026192
WHITEHEAD,1996,0.9669416198937689
WHITEHEAD,1997,0.7902147093164511
WHITEHEAD,1998,0.8101572853468149
WHITEHEAD,1999,0.7246002058502048
WHITEHEAD,2000,0.9760508949118296
WHITEHEAD,2001,0.8709216966580483
WHITEHEAD,2002,0.8257265068361858
WHITEHEAD,2003,0.7664036468817211
WHITEHEAD,2004,1.1459593628373401
WHITEHEAD,2005,0.7450017105133373
WHITEHEAD,2006,1.0135548451561789
WHITEHEAD,2007,0.9193477510899478
WHITEHEAD,2008,1.1022669903242825
WHITEHEAD,2009,1.1777791610464936
WHITEHEAD,2010,0.9046991745057757
WHITEHEAD,2011,0.779015847682969
WHITEMOUTH,1996,1.145876291516292
WHITEMOUTH,1997,1.1637883046105846
WHITEMOUTH,1998,0.8351922008759645
WHITEMOUTH,1999,1.013103508245699
WHITEMOUTH,2000,0.8080066903497003
WHITEMOUTH,2001,0.5429471744915279
WHITEMOUTH,2002,0.6118693476533471
WHITEMOUTH,2003,1.2517885286161958
WHITEMOUTH,2004,0.9718053621913465
WHITEMOUTH,2005,0.36693006112453674
WHITEMOUTH,2006,1.385762984110869
WHITEMOUTH,2007,0.7963584400948706
WHITEMOUTH,2008,1.1149624034527112
WHITEMOUTH,2009,0.7590161376380616
WHITEMOUTH,2010,0.5635634986540836
WHITEMOUTH,2011,0.9577094343998178
WINNIPEG,1996,1.0128711836791666
WINNIPEG,1997,0.9897403146415445
WINNIPEG,1998,1.0325187451004745
WINNIPEG,1999,1.2801422977317356
WINNIPEG,2000,0.6795590733439354
WINNIPEG,2001,0.35915140869592854
WINNIPEG,2002,0.6699500396288046
WINNIPEG,2003,1.5648669644009372
WINNIPEG,2004,0.9371410309532467
WINNIPEG,2005,0.17909924051330606
WINNIPEG,2006,1.0705321818168925
WINNIPEG,2007,0.9738262742639463
WINNIPEG,2008,1.0754340429953284
WINNIPEG,2009,0.664144038750027
WINNIPEG,2010,0.6603889247471897
WINNIPEG,2011,0.8064167791851329
WOODLANDS,1996,1.1629397691291972
WOODLANDS,1997,1.018700334225177
WOODLANDS,1998,1.095989326195202
WOODLANDS,1999,1.3088089871152433
WOODLANDS,2000,1.1635601264396014
WOODLANDS,2001,0.8814949738352931
WOODLANDS,2002,1.1883184014643344
WOODLANDS,2003,1.3766738628297728
WOODLANDS,2004,1.5066357447338463
WOODLANDS,2005,0.5989452828357509
WOODLANDS,2006,1.2007122981656928
WOODLANDS,2007,1.4229833466147088
WOODLANDS,2008,1.4565010669273515
WOODLANDS,2009,1.642546258569952
WOODLANDS,2010,1.0855654306868945
WOODLANDS,2011,0.8130241309021906
YELLOWHEAD,1996,1.022509864785388
YELLOWHEAD,1997,0.8192504904195516
YELLOWHEAD,1998,1.0168192914652403
YELLOWHEAD,1999,1.0101078779794515
YELLOWHEAD,2000,1.018668698278698
YELLOWHEAD,2001,0.9486878174903114
YELLOWHEAD,2002,1.0566439671570402
YELLOWHEAD,2003,1.1079916922549926
YELLOWHEAD,2004,0.8942211498233789
YELLOWHEAD,2005,0.9805522662332491
YELLOWHEAD,2006,1.1910799569995119
YELLOWHEAD,2007,1.0175632716977787
YELLOWHEAD,2008,1.2998383750092193
YELLOWHEAD,2009,1.2608907241841123
YELLOWHEAD,2010,1.1573082017661809
YELLOWHEAD,2011,1.0299119955702034
