Year,Municipality,Crop,Mean_Yield,GP_Pred,Residual,Abs_Error
2009,ALEXANDER,ARGENTINE CANOLA,0.495023223328095,0.24358009807164271,0.2514431252564523,0.2514431252564523
2009,ALEXANDER,OATS,1.021807118953453,0.8210680321321208,0.20073908682133224,0.20073908682133224
2009,ALONSA,ALFALFA/GRASS MIX.,0.8752336176994467,0.8679106121819993,0.007323005517447467,0.007323005517447467
2009,ARGYLE,ALFALFA,1.732,1.1025015426995202,0.6294984573004798,0.6294984573004798
2009,ARGYLE,ALFALFA/GRASS MIX.,0.88975,0.9116110557749663,-0.02186105577496622,0.02186105577496622
2009,ARGYLE,ARGENTINE CANOLA,0.9864508075654108,0.17138330097607324,0.8150675065893376,0.8150675065893376
2009,ARGYLE,BARLEY,1.869583192436424,0.7095239227398183,1.1600592696966054,1.1600592696966054
2009,ARGYLE,FLAX,0.529,-0.09891305067021539,0.6279130506702154,0.6279130506702154
2009,ARGYLE,OATS,1.612,0.6793141558381665,0.9326858441618336,0.9326858441618336
2009,ARGYLE,RED SPRING WHEAT,1.4652628452323777,0.47771021331743,0.9875526319149477,0.9875526319149477
2009,BIFROST-RIVERTON,ALFALFA,1.389,1.5246014201286608,-0.13560142012866083,0.13560142012866083
2009,BIFROST-RIVERTON,ALFALFA/GRASS MIX.,0.8924537625861155,1.2350812314230666,-0.34262746883695105,0.34262746883695105
2009,BIFROST-RIVERTON,ARGENTINE CANOLA,0.4251028793058112,0.2969711662644443,0.1281317130413669,0.1281317130413669
2009,BIFROST-RIVERTON,BARLEY,0.4521229219143576,0.8283406533222729,-0.3762177314079153,0.3762177314079153
2009,BIFROST-RIVERTON,FLAX,0.4049999999999999,0.04664868868434113,0.3583513113156588,0.3583513113156588
2009,BIFROST-RIVERTON,RED SPRING WHEAT,0.539249742002064,0.6114629960975714,-0.07221325409550738,0.07221325409550738
2009,BOISSEVAIN-MORTON,ALFALFA,1.455,1.08985388110937,0.36514611889063,0.36514611889063
2009,BOISSEVAIN-MORTON,ALFALFA/GRASS MIX.,1.2526325678496866,0.9276540742261765,0.32497849362351006,0.32497849362351006
2009,BOISSEVAIN-MORTON,ARGENTINE CANOLA,1.1320276079818137,0.23630549121447508,0.8957221167673386,0.8957221167673386
2009,BOISSEVAIN-MORTON,BARLEY,1.985466057959508,0.7767084713214677,1.2087575866380402,1.2087575866380402
2009,BOISSEVAIN-MORTON,OATS,2.474,0.7301793700507695,1.7438206299492307,1.7438206299492307
2009,BOISSEVAIN-MORTON,RED SPRING WHEAT,1.662709994249569,0.5408792292962349,1.1218307649533341,1.1218307649533341
2009,BRENDA-WASKADA,ARGENTINE CANOLA,0.9681821515169436,0.013412712978738695,0.954769438538205,0.954769438538205
2009,BRENDA-WASKADA,BARLEY,1.7644515301447683,0.5432473113399954,1.221204218804773,1.221204218804773
2009,BRENDA-WASKADA,OATS,1.5984958628841608,0.5010669803655625,1.0974288825185983,1.0974288825185983
2009,BRENDA-WASKADA,RED SPRING WHEAT,1.4697175463323306,0.31588721000140896,1.1538303363309217,1.1538303363309217
2009,BROKENHEAD,ARGENTINE CANOLA,0.6687085260115606,0.21473119329387824,0.45397733271768237,0.45397733271768237
2009,BROKENHEAD,OATS,1.086412880458756,0.7553664428117087,0.33104643764704733,0.33104643764704733
2009,BROKENHEAD,RED SPRING WHEAT,0.8167753842277652,0.535761889779805,0.2810134944479602,0.2810134944479602
2009,CARTIER,ARGENTINE CANOLA,0.9175517402027954,0.35931998500182005,0.5582317552009753,0.5582317552009753
2009,CARTIER,BARLEY,1.807,0.8973986220482357,0.9096013779517642,0.9096013779517642
2009,CARTIER,FLAX,0.7032001468069489,0.1183866473500057,0.5848134994569432,0.5848134994569432
2009,CARTIER,OATS,2.0311840996347974,0.9042540440760838,1.1269300555587136,1.1269300555587136
2009,CARTIER,RED SPRING WHEAT,1.4461726549312754,0.6784806800850025,0.7676919748462729,0.7676919748462729
2009,CARTWRIGHT-ROBLIN,ALFALFA,1.34,1.0366502951835828,0.3033497048164173,0.3033497048164173
2009,CARTWRIGHT-ROBLIN,ALFALFA/GRASS MIX.,1.4231823745410035,0.8748527104419423,0.5483296640990611,0.5483296640990611
2009,CARTWRIGHT-ROBLIN,ARGENTINE CANOLA,0.9740149632802938,0.12955819666610457,0.8444567666141892,0.8444567666141892
2009,CARTWRIGHT-ROBLIN,BARLEY,1.722865168539326,0.6819230202036621,1.0409421483356638,1.0409421483356638
2009,CARTWRIGHT-ROBLIN,FLAX,0.7144024157660522,-0.160348954754316,0.8747513705203682,0.8747513705203682
2009,CARTWRIGHT-ROBLIN,RED SPRING WHEAT,1.5313133265513732,0.435202385772978,1.096110940778395,1.096110940778395
2009,CLANWILLIAM-ERICKSON,RED SPRING WHEAT,1.1890913185913183,0.5332535537952768,0.6558377647960415,0.6558377647960415
2009,COLDWELL,ALFALFA/GRASS MIX.,1.4022636971046771,0.7489893547301254,0.6532743423745517,0.6532743423745517
2009,CORNWALLIS,ARGENTINE CANOLA,1.046219648292188,0.12306986303255396,0.923149785259634,0.923149785259634
2009,CORNWALLIS,BARLEY,1.2480408499423488,0.6514262113879876,0.5966146385543611,0.5966146385543611
2009,CORNWALLIS,RED SPRING WHEAT,1.4673899593424076,0.4304215546999455,1.036968404642462,1.036968404642462
2009,DAUPHIN,ALFALFA,2.2429999999999994,1.278214644548772,0.9647853554512273,0.9647853554512273
2009,DAUPHIN,ALFALFA/GRASS MIX.,1.5360808206958074,1.0837530709294336,0.4523277497663738,0.4523277497663738
2009,DAUPHIN,ARGENTINE CANOLA,0.936846346539942,0.3164637465525062,0.6203825999874358,0.6203825999874358
2009,DAUPHIN,RED SPRING WHEAT,1.2112667781091502,0.667905484616246,0.5433612934929042,0.5433612934929042
2009,DELORAINE-WINCHESTER,ALFALFA,1.3395039227519614,1.235812319396304,0.10369160335565741,0.10369160335565741
2009,DELORAINE-WINCHESTER,ARGENTINE CANOLA,1.0508777056669445,0.20799711962022838,0.8428805860467161,0.8428805860467161
2009,DELORAINE-WINCHESTER,BARLEY,1.7172492897727274,0.7491276501582983,0.9681216396144291,0.9681216396144291
2009,DELORAINE-WINCHESTER,OATS,2.029,0.7431041058459545,1.2858958941540455,1.2858958941540455
2009,DELORAINE-WINCHESTER,RED SPRING WHEAT,1.5004762745163331,0.5191971554797791,0.9812791190365541,0.9812791190365541
2009,DESALABERRY,ARGENTINE CANOLA,0.7911278713629404,0.168374223217298,0.6227536481456424,0.6227536481456424
2009,DESALABERRY,OATS,1.7217446079419474,0.6944946066475687,1.0272500012943788,1.0272500012943788
2009,DESALABERRY,RED SPRING WHEAT,1.390576127320955,0.47824659187457685,0.9123295354463781,0.9123295354463781
2009,DUFFERIN,ARGENTINE CANOLA,0.9741826490518763,0.05580594207912437,0.918376706972752,0.918376706972752
2009,DUFFERIN,BARLEY,1.47,0.5999275436007261,0.8700724563992739,0.8700724563992739
2009,DUFFERIN,GRAIN CORN,1.312420655580938,1.043952236359513,0.26846841922142484,0.26846841922142484
2009,DUFFERIN,OATS,1.8139311766078237,0.5822039285467734,1.2317272480610502,1.2317272480610502
2009,DUFFERIN,PROC POTATOES-IRRIG,12.311,8.256133892119736,4.0548661078802635,4.0548661078802635
2009,DUFFERIN,RED SPRING WHEAT,1.6529761030107937,0.38328169280398894,1.2696944102068048,1.2696944102068048
2009,DUFFERIN,WHITE PEA BEANS,0.5608237885462556,-0.1912439023655268,0.7520676909117824,0.7520676909117824
2009,ELLICE-ARCHIE,ALFALFA/GRASS MIX.,0.8383880190605854,0.9257506525201247,-0.08736263345953932,0.08736263345953932
2009,ELLICE-ARCHIE,ARGENTINE CANOLA,0.9416230429327368,0.286523978771569,0.6550990641611678,0.6550990641611678
2009,ELLICE-ARCHIE,RED SPRING WHEAT,1.3018898088775448,0.6218068494789578,0.680082959398587,0.680082959398587
2009,ELTON,ARGENTINE CANOLA,1.0422994354989898,0.2838267281243332,0.7584727073746567,0.7584727073746567
2009,ELTON,BARLEY,1.3547307803052115,0.8316375706561797,0.5230932096490318,0.5230932096490318
2009,ELTON,FLAX,0.7837441835299211,0.03180784260115965,0.7519363409287615,0.7519363409287615
2009,ELTON,OATS,1.92,0.8032116238144947,1.116788376185505,1.116788376185505
2009,ELTON,RED SPRING WHEAT,1.3746413508557456,0.603974804786467,0.7706665460692785,0.7706665460692785
2009,EMERSON-FRANKLIN,ARGENTINE CANOLA,0.7423272763011335,0.2067534953501018,0.5355737809510317,0.5355737809510317
2009,EMERSON-FRANKLIN,BARLEY,1.157541269608562,0.7515620134276073,0.40597925618095476,0.40597925618095476
2009,EMERSON-FRANKLIN,OATS,1.45919052523172,0.7350564255290845,0.7241340997026356,0.7241340997026356
2009,EMERSON-FRANKLIN,RED SPRING WHEAT,1.1486986151430068,0.5191663718707238,0.629532243272283,0.629532243272283
2009,ETHELBERT,ARGENTINE CANOLA,0.874,0.18125419087675398,0.692745809123246,0.692745809123246
2009,ETHELBERT,RED SPRING WHEAT,0.8970416666666665,0.546227685518343,0.3508139811483235,0.3508139811483235
2009,FISHER,ALFALFA,1.594,1.5172138943283486,0.07678610567165145,0.07678610567165145
2009,FISHER,ALFALFA/GRASS MIX.,1.3306018771998436,1.2501391024252908,0.08046277477455277,0.08046277477455277
2009,FISHER,ARGENTINE CANOLA,0.6736296703296704,0.3149457730234644,0.358683897306206,0.358683897306206
2009,FISHER,RED SPRING WHEAT,0.7088439178515008,0.630003972792569,0.07883994505893177,0.07883994505893177
2009,GILBERT PLAINS,ALFALFA,1.509,1.4434142159032926,0.06558578409670734,0.06558578409670734
2009,GILBERT PLAINS,ALFALFA/GRASS MIX.,1.361,1.2616793374944861,0.09932066250551386,0.09932066250551386
2009,GILBERT PLAINS,ARGENTINE CANOLA,0.9587807968219684,0.5494510109777813,0.4093297858441871,0.4093297858441871
2009,GILBERT PLAINS,BARLEY,1.59,1.143271244285481,0.446728755714519,0.446728755714519
2009,GILBERT PLAINS,RED SPRING WHEAT,1.18318965691527,0.9183238342730228,0.26486582264224723,0.26486582264224723
2009,GLENBORO-SOUTH CYPRESS,ARGENTINE CANOLA,1.084293307086614,0.3337235471289559,0.7505697599576582,0.7505697599576582
2009,GLENBORO-SOUTH CYPRESS,BARLEY,1.914,0.8694157226619432,1.0445842773380567,1.0445842773380567
2009,GLENBORO-SOUTH CYPRESS,OATS,1.8154176334106729,0.836117669913981,0.9792999634966919,0.9792999634966919
2009,GLENBORO-SOUTH CYPRESS,PROC POTATOES-IRRIG,12.78,8.573445669171287,4.2065543308287126,4.2065543308287126
2009,GLENBORO-SOUTH CYPRESS,RED SPRING WHEAT,1.48722690916016,0.6378460445877299,0.8493808645724301,0.8493808645724301
2009,GLENELLA-LANSDOWNE,ALFALFA/GRASS MIX.,1.1933025697886772,0.8374296201375369,0.35587294965114036,0.35587294965114036
2009,GLENELLA-LANSDOWNE,ARGENTINE CANOLA,0.9633676262097024,0.09143819630010785,0.8719294299095945,0.8719294299095945
2009,GLENELLA-LANSDOWNE,BARLEY,1.600411875335841,0.62944319530954,0.970968680026301,0.970968680026301
2009,GLENELLA-LANSDOWNE,RED SPRING WHEAT,1.33617728,0.40462145731391985,0.9315558226860802,0.9315558226860802
2009,GRAHAMDALE,ALFALFA,1.83,1.0940972345500768,0.7359027654499233,0.7359027654499233
2009,GRAHAMDALE,ALFALFA/GRASS MIX.,1.0386802973977691,0.8793161592878153,0.15936413810995387,0.15936413810995387
2009,GRANDVIEW,ALFALFA/GRASS MIX.,0.6944801078894134,1.2415521787598873,-0.5470720708704739,0.5470720708704739
2009,GRANDVIEW,ARGENTINE CANOLA,0.9998967457157696,0.5316795932815837,0.46821715243418593,0.46821715243418593
2009,GRANDVIEW,BARLEY,1.747,1.1221943732632216,0.6248056267367785,0.6248056267367785
2009,GRANDVIEW,RED SPRING WHEAT,1.250431220159719,0.9018568110828141,0.34857440907690485,0.34857440907690485
2009,GREY,ARGENTINE CANOLA,0.8594806426053933,0.20882193107659952,0.6506587115287937,0.6506587115287937
2009,GREY,BARLEY,1.776649083088069,0.7496848738065149,1.026964209281554,1.026964209281554
2009,GREY,FLAX,0.5298461538461539,-0.05956674444477006,0.5894128982909239,0.5894128982909239
2009,GREY,GRAIN CORN,1.7176093579978238,1.1842615001863182,0.5333478578115056,0.5333478578115056
2009,GREY,OATS,1.9138423827720012,0.7366517959457987,1.1771905868262027,1.1771905868262027
2009,GREY,RED SPRING WHEAT,1.5179849728954082,0.5314708857616092,0.9865140871337991,0.9865140871337991
2009,HAMIOTA,ARGENTINE CANOLA,1.0792500650146748,0.3253043848325152,0.7539456801821596,0.7539456801821596
2009,HAMIOTA,BARLEY,1.722746847355543,0.8905373156574165,0.8322095316981265,0.8322095316981265
2009,HAMIOTA,FLAX,0.8013165829145729,0.0789070292114511,0.7224095537031218,0.7224095537031218
2009,HAMIOTA,RED SPRING WHEAT,1.4680670220326937,0.6512191718283062,0.8168478502043874,0.8168478502043874
2009,HANOVER,ARGENTINE CANOLA,0.771270494360986,0.2676436539596263,0.5036268404013597,0.5036268404013597
2009,HANOVER,BARLEY,1.326,0.8113254312555758,0.5146745687444243,0.5146745687444243
2009,HANOVER,OATS,1.1854660564454615,0.8105445481844727,0.3749215082609888,0.3749215082609888
2009,HANOVER,RED SPRING WHEAT,1.22315531496063,0.5876498575986567,0.6355054573619733,0.6355054573619733
2009,HARRISON PARK,ARGENTINE CANOLA,0.8855250659630607,0.22839001491034883,0.6571350510527119,0.6571350510527119
2009,HARRISON PARK,BARLEY,1.4154230769230771,0.7754941582119326,0.6399289187111445,0.6399289187111445
2009,HARRISON PARK,FLAX,0.6994644930772667,-0.021105901110967773,0.7205703941882344,0.7205703941882344
2009,HARRISON PARK,OATS,1.0726343900758095,0.7471643298732893,0.32547006020252023,0.32547006020252023
2009,HARRISON PARK,RED SPRING WHEAT,1.1848089204838617,0.5454478220957382,0.6393610983881235,0.6393610983881235
2009,HEADINGLEY,RED SPRING WHEAT,1.3461246472248354,0.6269474121348526,0.7191772350899828,0.7191772350899828
2009,HILLSBURG-ROBLIN-SHELL RIVER,ALFALFA,0.675,1.219081733361953,-0.544081733361953,0.544081733361953
2009,HILLSBURG-ROBLIN-SHELL RIVER,ALFALFA/GRASS MIX.,0.6338271139063592,1.0406321807437062,-0.4068050668373471,0.4068050668373471
2009,HILLSBURG-ROBLIN-SHELL RIVER,ARGENTINE CANOLA,1.0740235438439218,0.4139163944835491,0.6601071493603727,0.6601071493603727
2009,HILLSBURG-ROBLIN-SHELL RIVER,BARLEY,1.6842393903167965,0.9995759755801139,0.6846634147366826,0.6846634147366826
2009,HILLSBURG-ROBLIN-SHELL RIVER,OATS,0.8939330193615909,0.9340561491268509,-0.04012312976526,0.04012312976526
2009,HILLSBURG-ROBLIN-SHELL RIVER,RED SPRING WHEAT,1.2929532685512368,0.7909300771326587,0.5020231914185781,0.5020231914185781
2009,KELSEY,RED SPRING WHEAT,1.5149681954933385,0.7465207734963998,0.7684474219969387,0.7684474219969387
2009,KILLARNEY-TURTLE MTN,ARGENTINE CANOLA,1.0520499063419857,0.1783461540386373,0.8737037523033484,0.8737037523033484
2009,KILLARNEY-TURTLE MTN,OATS,2.01,0.6812379739084858,1.328762026091514,1.328762026091514
2009,KILLARNEY-TURTLE MTN,RED SPRING WHEAT,1.7006424630755863,0.4871611994755024,1.2134812636000838,1.2134812636000838
2009,LAC DU BONNET,ARGENTINE CANOLA,0.5916389520117632,0.262656885796394,0.3289820662153692,0.3289820662153692
2009,LAC DU BONNET,OATS,0.617,0.8181639279329856,-0.20116392793298565,0.20116392793298565
2009,LAC DU BONNET,RED SPRING WHEAT,0.6442924145917777,0.587398405626158,0.05689400896561969,0.05689400896561969
2009,LORNE,ALFALFA,1.5280000000000002,1.2495440852543085,0.27845591474569176,0.27845591474569176
2009,LORNE,ARGENTINE CANOLA,1.104158054115677,0.3206141381915806,0.7835439159240964,0.7835439159240964
2009,LORNE,BARLEY,1.997455078125,0.8578966544637032,1.1395584236612968,1.1395584236612968
2009,LORNE,FLAX,0.7236651302143351,0.046922378769693074,0.676742751444642,0.676742751444642
2009,LORNE,OATS,1.782,0.8340565041047721,0.947943495895228,0.947943495895228
2009,LORNE,RED SPRING WHEAT,1.7373126503026786,0.6313370817407542,1.1059755685619244,1.1059755685619244
2009,LOUISE,ARGENTINE CANOLA,1.2050720463911648,0.3303468365297475,0.8747252098614173,0.8747252098614173
2009,LOUISE,BARLEY,2.076674725867337,0.8698351023242316,1.2068396235431056,1.2068396235431056
2009,LOUISE,FLAX,0.7627911430281269,0.057859880739257186,0.7049312622888697,0.7049312622888697
2009,LOUISE,OATS,1.6149500796601168,0.848468120259547,0.7664819594005698,0.7664819594005698
2009,LOUISE,RED SPRING WHEAT,1.812606189864049,0.6397820482043498,1.1728241416596994,1.1728241416596994
2009,MACDONALD,ARGENTINE CANOLA,0.8435420541025337,0.3178146688006871,0.5257273853018466,0.5257273853018466
2009,MACDONALD,BARLEY,1.4803696043165466,0.847309208956897,0.6330603953596496,0.6330603953596496
2009,MACDONALD,FLAX,0.6195885536362963,0.04996206974353368,0.5696264838927626,0.5696264838927626
2009,MACDONALD,OATS,1.8747056762438683,0.8776009652376267,0.9971047110062417,0.9971047110062417
2009,MACDONALD,RED SPRING WHEAT,1.3335153521305645,0.6252520353809093,0.7082633167496551,0.7082633167496551
2009,MCCREARY,ALFALFA/GRASS MIX.,0.9738829588014982,1.1087807499561568,-0.1348977911546586,0.1348977911546586
2009,MINITONAS-BOWSMAN,ALFALFA/GRASS MIX.,0.9722045985970382,1.1303172652157563,-0.15811266661871803,0.15811266661871803
2009,MINITONAS-BOWSMAN,ARGENTINE CANOLA,1.04778965875428,0.41403027537204784,0.6337593833822323,0.6337593833822323
2009,MINITONAS-BOWSMAN,RED SPRING WHEAT,1.4922152536069495,0.7930414901608385,0.699173763446111,0.699173763446111
2009,MINTO-ODANAH,ARGENTINE CANOLA,1.0850234910702643,0.2750323657292637,0.8099911253410006,0.8099911253410006
2009,MINTO-ODANAH,BARLEY,1.8730972991689752,0.8270288796024517,1.0460684195665233,1.0460684195665233
2009,MINTO-ODANAH,RED SPRING WHEAT,1.5374572683079817,0.5923750526579256,0.9450822156500561,0.9450822156500561
2009,MONTCALM,ARGENTINE CANOLA,0.9063682719546742,0.32228573378271297,0.5840825381719612,0.5840825381719612
2009,MONTCALM,BARLEY,1.7480582765034096,0.8622444682454986,0.885813808257911,0.885813808257911
2009,MONTCALM,OATS,1.943802251935257,0.857519768754408,1.0862824831808489,1.0862824831808489
2009,MONTCALM,RED SPRING WHEAT,1.497987428094266,0.6422905430422391,0.8556968850520269,0.8556968850520269
2009,MORRIS,ARGENTINE CANOLA,0.9074506744148184,0.24463097754801844,0.6628196968668,0.6628196968668
2009,MORRIS,BARLEY,1.5525608720818058,0.7748255070771297,0.7777353650046761,0.7777353650046761
2009,MORRIS,FLAX,0.6437067419461973,-0.020156932854434872,0.6638636748006321,0.6638636748006321
2009,MORRIS,OATS,1.7793267834885256,0.7982615745378276,0.9810652089506979,0.9810652089506979
2009,MORRIS,RED SPRING WHEAT,1.3732872154697973,0.5542980723618236,0.8189891431079737,0.8189891431079737
2009,MOSSEY RIVER,ALFALFA,1.231,1.2455387572827727,-0.014538757282772652,0.014538757282772652
2009,MOSSEY RIVER,ALFALFA/GRASS MIX.,0.8614486430333722,1.0048169152310806,-0.14336827219770842,0.14336827219770842
2009,MOSSEY RIVER,ARGENTINE CANOLA,1.0072687839610268,0.2744290067202346,0.7328397772407922,0.7328397772407922
2009,MOSSEY RIVER,RED SPRING WHEAT,1.289752515417072,0.6331520859374822,0.6566004294795897,0.6566004294795897
2009,MOUNTAIN,ALFALFA/GRASS MIX.,0.6290199647680564,0.9322785100919015,-0.3032585453238451,0.3032585453238451
2009,MOUNTAIN,ARGENTINE CANOLA,0.9385485769980508,0.22861585619094038,0.7099327208071105,0.7099327208071105
2009,MOUNTAIN,RED SPRING WHEAT,1.3848549402671813,0.6043604844549141,0.7804944558122672,0.7804944558122672
2009,NORTH CYPRESS-LANGFORD,ALFALFA,1.6879999999999995,1.3596973207780771,0.32830267922192236,0.32830267922192236
2009,NORTH CYPRESS-LANGFORD,ALFALFA/GRASS MIX.,1.3679526564965807,1.1505883919370177,0.21736426455956304,0.21736426455956304
2009,NORTH CYPRESS-LANGFORD,ARGENTINE CANOLA,1.0917542071265012,0.40816597408688504,0.6835882330396161,0.6835882330396161
2009,NORTH CYPRESS-LANGFORD,BARLEY,1.8648755575379123,0.9555069446688254,0.909368612869087,0.909368612869087
2009,NORTH CYPRESS-LANGFORD,FALL RYE,1.4300206955471433,0.4864500638917536,0.9435706316553897,0.9435706316553897
2009,NORTH CYPRESS-LANGFORD,OATS,1.2801904347826087,0.9196127127430094,0.36057772203959937,0.36057772203959937
2009,NORTH CYPRESS-LANGFORD,PROC POTATOES-IRRIG,12.746547801760146,8.771476728732308,3.975071073027838,3.975071073027838
2009,NORTH CYPRESS-LANGFORD,RED SPRING WHEAT,1.4679179711823334,0.7214099394870891,0.7465080316952443,0.7465080316952443
2009,NORTH NORFOLK,ALFALFA/GRASS MIX.,1.4032155499367889,0.9187663759773292,0.48444917395945963,0.48444917395945963
2009,NORTH NORFOLK,ARGENTINE CANOLA,1.1343063114643674,0.1529359574757605,0.981370353988607,0.981370353988607
2009,NORTH NORFOLK,BARLEY,1.936523469222024,0.6979103333973358,1.2386131358246881,1.2386131358246881
2009,NORTH NORFOLK,GRAIN CORN,2.8630548683793213,1.0654493390140112,1.7976055293653102,1.7976055293653102
2009,NORTH NORFOLK,OATS,1.710735650100862,0.6713572656481313,1.0393783844527307,1.0393783844527307
2009,NORTH NORFOLK,PROC POTATOES-IRRIG,11.875,8.407710882147688,3.467289117852312,3.467289117852312
2009,NORTH NORFOLK,RED SPRING WHEAT,1.5628058128901436,0.4692736036268126,1.093532209263331,1.093532209263331
2009,OAKLAND-WAWANESA,ARGENTINE CANOLA,1.0083038468863073,0.17898107530973606,0.8293227715765712,0.8293227715765712
2009,OAKLAND-WAWANESA,BARLEY,1.733022325139532,0.7135715335387262,1.0194507916008058,1.0194507916008058
2009,OAKLAND-WAWANESA,FLAX,0.7427480058603289,-0.09104931100503655,0.8337973168653654,0.8337973168653654
2009,OAKLAND-WAWANESA,RED SPRING WHEAT,1.5800180667126091,0.4847890496995173,1.0952290170130918,1.0952290170130918
2009,PEMBINA,ARGENTINE CANOLA,1.0641041011881949,0.25508670103304887,0.809017400155146,0.809017400155146
2009,PEMBINA,BARLEY,1.5729770926379487,0.7972348998332262,0.7757421928047226,0.7757421928047226
2009,PEMBINA,OATS,1.647,0.7769995381995022,0.8700004618004978,0.8700004618004978
2009,PEMBINA,RED SPRING WHEAT,1.5549728084328278,0.5749808438086296,0.9799919646241982,0.9799919646241982
2009,PIPESTONE,ALFALFA,0.8823021582733813,0.9245457674254653,-0.04224360915208403,0.04224360915208403
2009,PIPESTONE,ARGENTINE CANOLA,0.9402576169107228,0.05742982327987911,0.8828277936308437,0.8828277936308437
2009,PIPESTONE,BARLEY,1.4911042330450617,0.5979734035465037,0.8931308294985579,0.8931308294985579
2009,PIPESTONE,OATS,1.1133235294117647,0.5728013383550389,0.5405221910567258,0.5405221910567258
2009,PIPESTONE,RED SPRING WHEAT,1.2434644801017882,0.3590164942974431,0.8844479858043451,0.8844479858043451
2009,PORTAGE LA PRAIRIE,ALFALFA/GRASS MIX.,1.3814696911932898,0.9917258036212506,0.38974388757203915,0.38974388757203915
2009,PORTAGE LA PRAIRIE,ARGENTINE CANOLA,1.0795908986882836,0.16863713096104016,0.9109537677272435,0.9109537677272435
2009,PORTAGE LA PRAIRIE,BARLEY,1.9167726628895183,0.6995490633142037,1.2172235995753145,1.2172235995753145
2009,PORTAGE LA PRAIRIE,FLAX,0.8106829857299671,-0.08904944630061529,0.8997324320305824,0.8997324320305824
2009,PORTAGE LA PRAIRIE,OATS,1.9682819016965063,0.721662218311699,1.2466196833848073,1.2466196833848073
2009,PORTAGE LA PRAIRIE,PROC POTATOES-IRRIG,10.763355822756624,8.24562023603581,2.517735586720814,2.517735586720814
2009,PORTAGE LA PRAIRIE,RED SPRING WHEAT,1.7026268477768194,0.48179616344295995,1.2208306843338594,1.2208306843338594
2009,PORTAGE LA PRAIRIE,WHITE PEA BEANS,0.7249041152751423,-0.06954913039694932,0.7944532456720916,0.7944532456720916
2009,PORTAGE LA PRAIRIE,WINTER WHEAT,2.03,1.0322277585456958,0.997772241454304,0.997772241454304
2009,RHINELAND,ARGENTINE CANOLA,0.8911652439645512,0.3158195004533302,0.575345743511221,0.575345743511221
2009,RHINELAND,BARLEY,1.593691386195094,0.8607333423825034,0.7329580438125907,0.7329580438125907
2009,RHINELAND,BLACK BEANS,0.753374237804878,0.13146594542909917,0.6219082923757788,0.6219082923757788
2009,RHINELAND,GRAIN CORN,0.3718712222718475,1.414695913027449,-1.0428246907556016,1.0428246907556016
2009,RHINELAND,OATS,1.797,0.848588261599744,0.9484117384002559,0.9484117384002559
2009,RHINELAND,PINTO BEANS,0.7364505342705076,0.1693643406041374,0.5670861936663701,0.5670861936663701
2009,RHINELAND,PROC POTATOES-DRYLND,10.514,8.292844745049774,2.221155254950226,2.221155254950226
2009,RHINELAND,PROC POTATOES-IRRIG,10.303,8.554046230582895,1.7489537694171062,1.7489537694171062
2009,RHINELAND,RED SPRING WHEAT,1.5478296501599564,0.6347657665800914,0.913063883579865,0.913063883579865
2009,RHINELAND,WHITE PEA BEANS,0.627317494600432,0.0915038536528403,0.5358136409475917,0.5358136409475917
2009,RITCHOT,ARGENTINE CANOLA,0.8138145371577574,0.3199125263420406,0.49390201081571683,0.49390201081571683
2009,RITCHOT,OATS,1.82324,0.8653360207686223,0.9579039792313777,0.9579039792313777
2009,RITCHOT,RED SPRING WHEAT,1.1699046031304994,0.635622323590872,0.5342822795396274,0.5342822795396274
2009,ROCKWOOD,ALFALFA/GRASS MIX.,1.7174731038192577,1.125781781122583,0.5916913226966747,0.5916913226966747
2009,ROCKWOOD,ARGENTINE CANOLA,0.846201601011165,0.2957431082659985,0.5504584927451666,0.5504584927451666
2009,ROCKWOOD,BARLEY,1.555383606557377,0.8282711346109133,0.7271124719464637,0.7271124719464637
2009,ROCKWOOD,OATS,1.514180317940954,0.8266869457057934,0.6874933722351607,0.6874933722351607
2009,ROCKWOOD,RED SPRING WHEAT,1.1649685798548093,0.6116480419341862,0.5533205379206231,0.5533205379206231
2009,ROLAND,ARGENTINE CANOLA,1.0382146454335104,0.32854640678948344,0.709668238644027,0.709668238644027
2009,ROLAND,BARLEY,1.78,0.8777047759091994,0.9022952240908007,0.9022952240908007
2009,ROLAND,FLAX,0.8037529411764707,0.06104839694676767,0.742704544229703,0.742704544229703
2009,ROLAND,GRAIN CORN,0.805338619201726,1.3297650075644896,-0.5244263883627636,0.5244263883627636
2009,ROLAND,OATS,2.094600314300681,0.858801082681641,1.2357992316190398,1.2357992316190398
2009,ROLAND,RED SPRING WHEAT,1.6894438219977908,0.6556811733435546,1.0337626486542362,1.0337626486542362
2009,ROSEDALE,ALFALFA/GRASS MIX.,1.5881154529307282,0.9753840451315692,0.612731407799159,0.612731407799159
2009,ROSEDALE,ARGENTINE CANOLA,1.0608071900966594,0.267160988883256,0.7936462012134033,0.7936462012134033
2009,ROSEDALE,BARLEY,1.8813565985452023,0.8197953458432128,1.0615612527019895,1.0615612527019895
2009,ROSEDALE,RED SPRING WHEAT,1.4382998922220225,0.5856945268230856,0.8526053653989368,0.8526053653989368
2009,ROSSBURN,ALFALFA/GRASS MIX.,0.7528585263157894,0.9289063689028408,-0.17604784258705142,0.17604784258705142
2009,ROSSBURN,ARGENTINE CANOLA,0.9377068824894912,0.2515705538411366,0.6861363286483546,0.6861363286483546
2009,ROSSBURN,BARLEY,1.6444185782421077,0.8305900848035341,0.8138284934385736,0.8138284934385736
2009,ROSSBURN,OATS,1.1792366841710429,0.7984654404245868,0.3807712437464561,0.3807712437464561
2009,ROSSBURN,RED SPRING WHEAT,1.3003184158209553,0.6073781348643125,0.6929402809566428,0.6929402809566428
2009,ROSSER,ARGENTINE CANOLA,0.7898335916671834,0.2495692614930456,0.5402643301741378,0.5402643301741378
2009,ROSSER,BARLEY,1.8082472826086955,0.7805458600625851,1.0277014225461105,1.0277014225461105
2009,ROSSER,OATS,1.6583452087133812,0.7850974019224544,0.8732478067909268,0.8732478067909268
2009,ROSSER,RED SPRING WHEAT,1.1367515964698285,0.5656379071272051,0.5711136893426234,0.5711136893426234
2009,RUSSELL-BINSCARTH,ARGENTINE CANOLA,1.087707183860001,0.3878547945950537,0.6998523892649473,0.6998523892649473
2009,RUSSELL-BINSCARTH,RED SPRING WHEAT,1.2101802550956609,0.7389440465542413,0.47123620854141957,0.47123620854141957
2009,SOURIS-GLENWOOD,ALFALFA/GRASS MIX.,1.3361835464915313,0.8642738973254847,0.4719096491660466,0.4719096491660466
2009,SOURIS-GLENWOOD,ARGENTINE CANOLA,1.0405372322503008,0.2024544169649034,0.8380828152853974,0.8380828152853974
2009,SOURIS-GLENWOOD,OATS,1.5459078822412156,0.6955515347711608,0.8503563474700547,0.8503563474700547
2009,SOURIS-GLENWOOD,RED SPRING WHEAT,1.4564759271147103,0.5107114295518141,0.9457644975628962,0.9457644975628962
2009,SPRINGFIELD,ARGENTINE CANOLA,0.6362229309035687,0.1460670600666274,0.49015587083694134,0.49015587083694134
2009,SPRINGFIELD,BARLEY,1.0864365853658535,0.6772481803021866,0.40918840506366694,0.40918840506366694
2009,SPRINGFIELD,FLAX,0.4900040485829959,-0.10731959362848453,0.5973236422114805,0.5973236422114805
2009,SPRINGFIELD,OATS,1.2908923357664233,0.6985216792003608,0.5923706565660625,0.5923706565660625
2009,SPRINGFIELD,RED SPRING WHEAT,0.9740326400924322,0.4663509244461802,0.507681715646252,0.507681715646252
2009,ST. ANDREWS,ARGENTINE CANOLA,0.6539697899683514,0.25355563975207795,0.40041415021627347,0.40041415021627347
2009,ST. ANDREWS,BARLEY,1.2330716207824468,0.7912257670508218,0.441845853731625,0.441845853731625
2009,ST. ANDREWS,FLAX,0.486,0.0018687747254166887,0.4841312252745833,0.4841312252745833
2009,ST. ANDREWS,OATS,1.018249049161854,0.806555448373623,0.21169360078823107,0.21169360078823107
2009,ST. ANDREWS,RED SPRING WHEAT,0.8065590170278637,0.5740421609678071,0.23251685606005656,0.23251685606005656
2009,ST. CLEMENTS,ARGENTINE CANOLA,0.698634160686978,0.24765540841627187,0.45097875227070616,0.45097875227070616
2009,ST. CLEMENTS,OATS,1.163,0.7919582582287501,0.37104174177124993,0.37104174177124993
2009,ST. CLEMENTS,RED SPRING WHEAT,1.0304976866132016,0.5620612456298457,0.4684364409833559,0.4684364409833559
2009,ST. FRANCIS XAVIER,ARGENTINE CANOLA,0.8399076761504678,0.333091633888813,0.5068160422616548,0.5068160422616548
2009,ST. FRANCIS XAVIER,OATS,1.6041890145395798,0.8751401773226493,0.7290488372169306,0.7290488372169306
2009,ST. FRANCIS XAVIER,RED SPRING WHEAT,1.4345143850164126,0.6540493331820851,0.7804650518343275,0.7804650518343275
2009,STE. ANNE,ARGENTINE CANOLA,0.6565970252031401,0.310018369854822,0.3465786553483181,0.3465786553483181
2009,STE. ROSE,ALFALFA/GRASS MIX.,1.2508759619737435,1.0935676955126503,0.1573082664610932,0.1573082664610932
2009,STE. ROSE,ARGENTINE CANOLA,0.928932556203164,0.3475196472405431,0.5814129089626209,0.5814129089626209
2009,STE. ROSE,RED SPRING WHEAT,1.2627932123547994,0.6829735840098968,0.5798196283449025,0.5798196283449025
2009,TACHE,ARGENTINE CANOLA,0.6008465363166028,0.2538172535876728,0.34702928272892997,0.34702928272892997
2009,TACHE,BARLEY,1.029,0.8028948627447092,0.2261051372552907,0.2261051372552907
2009,TACHE,OATS,1.4179137645107796,0.8004382314926843,0.6174755330180952,0.6174755330180952
2009,TACHE,RED SPRING WHEAT,1.1100206941715782,0.5718621158201045,0.5381585783514737,0.5381585783514737
2009,THOMPSON,ARGENTINE CANOLA,1.061816630639746,0.3619316849676999,0.6998849456720462,0.6998849456720462
2009,THOMPSON,BARLEY,1.8270397257866056,0.9211997501468634,0.9058399756397422,0.9058399756397422
2009,THOMPSON,GRAIN CORN,2.02234885515822,1.4288314807354323,0.5935173744227875,0.5935173744227875
2009,THOMPSON,OATS,1.901,0.9367031579860001,0.9642968420139999,0.9642968420139999
2009,THOMPSON,RED SPRING WHEAT,1.556969123870226,0.7060395211023157,0.8509296027679102,0.8509296027679102
2009,VICTORIA,ARGENTINE CANOLA,1.1256688187820982,0.33100386896678247,0.7946649498153158,0.7946649498153158
2009,VICTORIA,BARLEY,1.941546386277946,0.8657546190624541,1.075791767215492,1.075791767215492
2009,VICTORIA,RED SPRING WHEAT,1.6737855266733086,0.6393029104872316,1.034482616186077,1.034482616186077
2009,WALLACE-WOODWORTH,ALFALFA,0.5721079873394153,1.1077737262269738,-0.5356657388875585,0.5356657388875585
2009,WALLACE-WOODWORTH,ALFALFA/GRASS MIX.,0.7349863756858394,0.8989063257753589,-0.16391995008951954,0.16391995008951954
2009,WALLACE-WOODWORTH,ARGENTINE CANOLA,0.9935763887621168,0.22836516929424544,0.7652112194678714,0.7652112194678714
2009,WALLACE-WOODWORTH,BARLEY,1.4842140095087162,0.7972579417169326,0.6869560677917835,0.6869560677917835
2009,WALLACE-WOODWORTH,FIELD PEAS,1.2921185401459852,0.5183874995844755,0.7737310405615097,0.7737310405615097
2009,WALLACE-WOODWORTH,FLAX,0.7102915129151292,-0.020318653722507074,0.7306101666376362,0.7306101666376362
2009,WALLACE-WOODWORTH,RED SPRING WHEAT,1.3683467992420542,0.5529095147653776,0.8154372844766765,0.8154372844766765
2009,WHITEHEAD,ARGENTINE CANOLA,0.9695104669110554,0.10956829673966739,0.859942170171388,0.859942170171388
2009,WHITEHEAD,BARLEY,1.5873470278598023,0.6429086917065163,0.944438336153286,0.944438336153286
2009,WHITEHEAD,RED SPRING WHEAT,1.32272925514148,0.41689263711678337,0.9058366180246966,0.9058366180246966
2009,WHITEMOUTH,RED SPRING WHEAT,0.784047972587093,0.4753805466326698,0.3086674259544232,0.3086674259544232
2009,WINNIPEG,RED SPRING WHEAT,1.2440835734870317,0.4807899095416044,0.7632936639454273,0.7632936639454273
2009,WOODLANDS,ALFALFA,2.559,1.4977040852391972,1.061295914760803,1.061295914760803
2009,WOODLANDS,ALFALFA/GRASS MIX.,1.9831227616762048,1.2619439973772257,0.7211787642989791,0.7211787642989791
2009,WOODLANDS,ARGENTINE CANOLA,0.9461949827734712,0.35967603037206897,0.5865189524014023,0.5865189524014023
2009,WOODLANDS,BARLEY,1.7481193885618906,0.885294425640181,0.8628249629217096,0.8628249629217096
2009,WOODLANDS,OATS,1.806396164021164,0.9102305800129888,0.8961655840081753,0.8961655840081753
2009,WOODLANDS,RED SPRING WHEAT,1.4206120624843372,0.6715168372438031,0.7490952252405342,0.7490952252405342
2010,ALEXANDER,ARGENTINE CANOLA,0.3402258381030253,0.7965741343422019,-0.4563482962391766,0.4563482962391766
2010,ALEXANDER,OATS,0.984,1.3953237605587228,-0.4113237605587228,0.4113237605587228
2010,ALONSA,ALFALFA/GRASS MIX.,1.070979959744465,1.2158894807061507,-0.14490952096168574,0.14490952096168574
2010,ARGYLE,ALFALFA,2.864,1.3511496135270853,1.5128503864729146,1.5128503864729146
2010,ARGYLE,ALFALFA/GRASS MIX.,1.112084142394822,1.0279865747432049,0.08409756765161713,0.08409756765161713
2010,ARGYLE,ARGENTINE CANOLA,0.9701814054567988,0.3157247946590267,0.6544566107977721,0.6544566107977721
2010,ARGYLE,BARLEY,1.6889761442141622,0.9613861109627538,0.7275900332514084,0.7275900332514084
2010,ARGYLE,FLAX,0.605919413919414,0.0432891023417028,0.5626303115777112,0.5626303115777112
2010,ARGYLE,OATS,1.724,0.8451909217871105,0.8788090782128894,0.8788090782128894
2010,ARGYLE,RED SPRING WHEAT,1.404941241685144,0.7392905817674916,0.6656506599176523,0.6656506599176523
2010,BIFROST-RIVERTON,ALFALFA,1.352,2.0120854062162787,-0.6600854062162786,0.6600854062162786
2010,BIFROST-RIVERTON,ALFALFA/GRASS MIX.,1.0807563841453862,1.5854804719012483,-0.5047240877558621,0.5047240877558621
2010,BIFROST-RIVERTON,ARGENTINE CANOLA,0.2078674759532979,0.6253721373471963,-0.4175046613938984,0.4175046613938984
2010,BIFROST-RIVERTON,BARLEY,0.2472520031015766,1.2594527184420763,-1.0122007153404997,1.0122007153404997
2010,BIFROST-RIVERTON,FLAX,0.1662592592592592,0.3504972944361894,-0.1842380351769302,0.1842380351769302
2010,BIFROST-RIVERTON,RED SPRING WHEAT,0.4097852247873633,1.0404892989338728,-0.6307040741465095,0.6307040741465095
2010,BOISSEVAIN-MORTON,ALFALFA,2.136,1.3846744416677121,0.751325558332288,0.751325558332288
2010,BOISSEVAIN-MORTON,ALFALFA/GRASS MIX.,1.7457216411906675,1.1008532069063206,0.6448684342843469,0.6448684342843469
2010,BOISSEVAIN-MORTON,ARGENTINE CANOLA,0.8404536073627529,0.4400588629524068,0.40039474441034606,0.40039474441034606
2010,BOISSEVAIN-MORTON,BARLEY,1.3512169579661997,1.0828134716269116,0.2684034863392881,0.2684034863392881
2010,BOISSEVAIN-MORTON,OATS,1.648,0.9574505460923642,0.6905494539076357,0.6905494539076357
2010,BOISSEVAIN-MORTON,RED SPRING WHEAT,1.19812337632321,0.8617383702617631,0.33638500606144683,0.33638500606144683
2010,BRENDA-WASKADA,ARGENTINE CANOLA,0.7614772902232486,0.2820906536823278,0.47938663654092084,0.47938663654092084
2010,BRENDA-WASKADA,BARLEY,1.1460934711797195,0.9161220601578557,0.2299714110218638,0.2299714110218638
2010,BRENDA-WASKADA,OATS,1.316,0.782974830463938,0.533025169536062,0.533025169536062
2010,BRENDA-WASKADA,RED SPRING WHEAT,1.1597962049974748,0.7051400818303256,0.4546561231671492,0.4546561231671492
2010,BROKENHEAD,ARGENTINE CANOLA,0.3226149092067537,0.6787904169850069,-0.3561755077782532,0.3561755077782532
2010,BROKENHEAD,OATS,0.6815249817461145,1.2347397014484165,-0.553214719702302,0.553214719702302
2010,BROKENHEAD,RED SPRING WHEAT,0.6927309641413818,1.0913780804682234,-0.3986471163268416,0.3986471163268416
2010,CARTIER,ARGENTINE CANOLA,0.5521279500617552,0.5312430839318412,0.020884866129914026,0.020884866129914026
2010,CARTIER,BARLEY,1.060782680122037,1.1527406811935759,-0.09195800107153884,0.09195800107153884
2010,CARTIER,FLAX,0.3222124392116713,0.23369631660972257,0.08851612260194874,0.08851612260194874
2010,CARTIER,OATS,1.1473857355618071,1.104944657838629,0.04244107772317807,0.04244107772317807
2010,CARTIER,RED SPRING WHEAT,0.9945433997743512,0.9500234434027053,0.04451995637164596,0.04451995637164596
2010,CARTWRIGHT-ROBLIN,ALFALFA,1.803,1.4146363613462167,0.3883636386537832,0.3883636386537832
2010,CARTWRIGHT-ROBLIN,ALFALFA/GRASS MIX.,1.325175116802215,1.1271069440084034,0.19806817279381161,0.19806817279381161
2010,CARTWRIGHT-ROBLIN,ARGENTINE CANOLA,0.9677966375837882,0.4849712463585375,0.4828253912252507,0.4828253912252507
2010,CARTWRIGHT-ROBLIN,BARLEY,1.6609058870644773,1.1263789115863583,0.534526975478119,0.534526975478119
2010,CARTWRIGHT-ROBLIN,FLAX,0.6199999999999999,0.1764635075010219,0.443536492498978,0.443536492498978
2010,CARTWRIGHT-ROBLIN,RED SPRING WHEAT,1.2994762644641615,0.9053661506614505,0.394110113802711,0.394110113802711
2010,CLANWILLIAM-ERICKSON,RED SPRING WHEAT,0.8872151777137368,0.8252190069123804,0.06199617080135644,0.06199617080135644
2010,COLDWELL,ALFALFA/GRASS MIX.,1.4035217894330891,1.1070468648393224,0.2964749245937668,0.2964749245937668
2010,CORNWALLIS,ARGENTINE CANOLA,0.9522605755395684,0.2873683835002143,0.6648921920393541,0.6648921920393541
2010,CORNWALLIS,BARLEY,1.34024765478424,0.9268852674048307,0.4133623873794092,0.4133623873794092
2010,CORNWALLIS,RED SPRING WHEAT,1.2719341048201989,0.7241585656194769,0.547775539200722,0.547775539200722
2010,DAUPHIN,ALFALFA,2.102,1.867808639847148,0.2341913601528518,0.2341913601528518
2010,DAUPHIN,ALFALFA/GRASS MIX.,1.1242326166957195,1.55387545180186,-0.42964283510614054,0.42964283510614054
2010,DAUPHIN,ARGENTINE CANOLA,0.295934358583144,0.6794270102895618,-0.3834926517064178,0.3834926517064178
2010,DAUPHIN,RED SPRING WHEAT,0.6939388448471122,1.1171225818932558,-0.42318373704614354,0.42318373704614354
2010,DELORAINE-WINCHESTER,ALFALFA,2.183883743213031,1.6733726830294615,0.5105110601835694,0.5105110601835694
2010,DELORAINE-WINCHESTER,ARGENTINE CANOLA,0.7623997056531902,0.6545582056687581,0.10784149998443204,0.10784149998443204
2010,DELORAINE-WINCHESTER,BARLEY,0.9846997312484732,1.3029779114768447,-0.3182781802283715,0.3182781802283715
2010,DELORAINE-WINCHESTER,OATS,1.5462315245478035,1.1889789637031458,0.35725256084465773,0.35725256084465773
2010,DELORAINE-WINCHESTER,RED SPRING WHEAT,1.0369990534321245,1.0805319470146555,-0.043532893582530985,0.043532893582530985
2010,DESALABERRY,ARGENTINE CANOLA,0.7188237510057786,0.4939173972134383,0.22490635379234025,0.22490635379234025
2010,DESALABERRY,OATS,1.7439251247920136,1.0458905582848024,0.6980345665072112,0.6980345665072112
2010,DESALABERRY,RED SPRING WHEAT,1.201995970179327,0.9341255870538089,0.26787038312551814,0.26787038312551814
2010,DUFFERIN,ARGENTINE CANOLA,0.813912960239727,0.6652574656126459,0.14865549462708116,0.14865549462708116
2010,DUFFERIN,BARLEY,1.079,1.3152230271089749,-0.23622302710897491,0.23622302710897491
2010,DUFFERIN,GRAIN CORN,2.9699741724468502,2.3671357882541084,0.6028383841927418,0.6028383841927418
2010,DUFFERIN,OATS,1.4651445332983744,1.2158655651289574,0.24927896816941697,0.24927896816941697
2010,DUFFERIN,PROC POTATOES-IRRIG,9.321,10.345152830417172,-1.0241528304171723,1.0241528304171723
2010,DUFFERIN,RED SPRING WHEAT,1.2263695422269223,1.1108320023652194,0.1155375398617029,0.1155375398617029
2010,DUFFERIN,WHITE PEA BEANS,0.4084012631578947,0.5105045481666335,-0.10210328500873878,0.10210328500873878
2010,ELLICE-ARCHIE,ALFALFA/GRASS MIX.,1.9784997281131047,1.1902029465019013,0.7882967816112034,0.7882967816112034
2010,ELLICE-ARCHIE,ARGENTINE CANOLA,0.7982202354607418,0.5062956516492456,0.2919245838114962,0.2919245838114962
2010,ELLICE-ARCHIE,RED SPRING WHEAT,1.1008998104210947,0.9454603174669546,0.15543949295414017,0.15543949295414017
2010,ELTON,ARGENTINE CANOLA,0.9285744748975407,0.42424207341114395,0.5043324014863968,0.5043324014863968
2010,ELTON,BARLEY,1.3602543599868375,1.051340485146277,0.30891387484056043,0.30891387484056043
2010,ELTON,FLAX,0.5869621258399512,0.18244410166610425,0.40451802417384697,0.40451802417384697
2010,ELTON,OATS,1.51,0.9525514337569545,0.5574485662430455,0.5574485662430455
2010,ELTON,RED SPRING WHEAT,1.3143237199639155,0.8476219246968548,0.4667017952670607,0.4667017952670607
2010,EMERSON-FRANKLIN,ARGENTINE CANOLA,0.7298571380753138,0.77730466767317,-0.04744752959785614,0.04744752959785614
2010,EMERSON-FRANKLIN,BARLEY,1.058,1.4484584984873423,-0.39045849848734226,0.39045849848734226
2010,EMERSON-FRANKLIN,OATS,1.411261490801037,1.3316678963650348,0.07959359443600222,0.07959359443600222
2010,EMERSON-FRANKLIN,RED SPRING WHEAT,1.170261062130055,1.2245570794766687,-0.0542960173466136,0.0542960173466136
2010,ETHELBERT,ARGENTINE CANOLA,0.1774272850067537,0.8768200882762682,-0.6993928032695145,0.6993928032695145
2010,ETHELBERT,RED SPRING WHEAT,0.3164617172969622,1.3209581568513287,-1.0044964395543665,1.0044964395543665
2010,FISHER,ALFALFA,1.049,2.020892956834634,-0.9718929568346342,0.9718929568346342
2010,FISHER,ALFALFA/GRASS MIX.,0.6830745079662606,1.6155404523027368,-0.9324659443364762,0.9324659443364762
2010,FISHER,ARGENTINE CANOLA,0.301249309063185,0.6573301282575467,-0.3560808191943617,0.3560808191943617
2010,FISHER,RED SPRING WHEAT,0.6016634824553108,1.0707080872129502,-0.4690446047576394,0.4690446047576394
2010,GILBERT PLAINS,ALFALFA,2.236,1.9198523783216306,0.31614762167836963,0.31614762167836963
2010,GILBERT PLAINS,ALFALFA/GRASS MIX.,1.6651355932203389,1.6204270912549863,0.04470850196535259,0.04470850196535259
2010,GILBERT PLAINS,ARGENTINE CANOLA,0.4992062190938655,0.8054762346169414,-0.3062700155230759,0.3062700155230759
2010,GILBERT PLAINS,BARLEY,0.6479999999999999,1.4460381720169668,-0.7980381720169669,0.7980381720169669
2010,GILBERT PLAINS,RED SPRING WHEAT,0.8854833500104717,1.2558659283457865,-0.37038257833531474,0.37038257833531474
2010,GLENBORO-SOUTH CYPRESS,ARGENTINE CANOLA,0.9724383412149872,0.7181043103361532,0.254334030878834,0.254334030878834
2010,GLENBORO-SOUTH CYPRESS,BARLEY,1.541,1.36090840794243,0.18009159205756986,0.18009159205756986
2010,GLENBORO-SOUTH CYPRESS,OATS,1.807,1.255852697354288,0.5511473026457119,0.5511473026457119
2010,GLENBORO-SOUTH CYPRESS,PROC POTATOES-IRRIG,14.431768156424582,10.718739805747635,3.7130283506769466,3.7130283506769466
2010,GLENBORO-SOUTH CYPRESS,RED SPRING WHEAT,1.3227413869453548,1.1400838074661945,0.18265757947916028,0.18265757947916028
2010,GLENELLA-LANSDOWNE,ALFALFA/GRASS MIX.,1.098059451416742,1.011382958707003,0.0866764927097392,0.0866764927097392
2010,GLENELLA-LANSDOWNE,ARGENTINE CANOLA,0.5363940117020233,0.23837617872131123,0.29801783298071205,0.29801783298071205
2010,GLENELLA-LANSDOWNE,BARLEY,0.9768746782815284,0.8578806930952008,0.11899398518632764,0.11899398518632764
2010,GLENELLA-LANSDOWNE,RED SPRING WHEAT,0.7306890649088299,0.6547521500090446,0.07593691489978527,0.07593691489978527
2010,GRAHAMDALE,ALFALFA,1.521,1.4795349862994525,0.04146501370054745,0.04146501370054745
2010,GRAHAMDALE,ALFALFA/GRASS MIX.,1.3354150898770103,1.1271600207180137,0.2082550691589966,0.2082550691589966
2010,GRANDVIEW,ALFALFA/GRASS MIX.,1.4083650034176352,1.5791411440782652,-0.17077614066063007,0.17077614066063007
2010,GRANDVIEW,ARGENTINE CANOLA,0.6223733930749742,0.767337002132466,-0.14496360905749184,0.14496360905749184
2010,GRANDVIEW,BARLEY,0.839,1.4029373537001792,-0.5639373537001793,0.5639373537001793
2010,GRANDVIEW,RED SPRING WHEAT,0.9233554728654368,1.2185579904356303,-0.29520251757019345,0.29520251757019345
2010,GREY,ARGENTINE CANOLA,0.7005695476370988,0.43913238127167675,0.261437166365422,0.261437166365422
2010,GREY,BARLEY,0.9243404255319148,1.0847347324296592,-0.16039430689774448,0.16039430689774448
2010,GREY,FLAX,0.4064787608542596,0.13413451897146733,0.27234424188279227,0.27234424188279227
2010,GREY,GRAIN CORN,2.674554938516461,2.1249269022374415,0.5496280362790196,0.5496280362790196
2010,GREY,OATS,1.385012039970753,0.9908233821150043,0.39418865785574875,0.39418865785574875
2010,GREY,RED SPRING WHEAT,1.1711395935529083,0.8787464425694833,0.292393150983425,0.292393150983425
2010,HAMIOTA,ARGENTINE CANOLA,0.8751643806582493,0.5260632390120644,0.3491011416461849,0.3491011416461849
2010,HAMIOTA,BARLEY,1.0770880401120777,1.1532062104727474,-0.0761181703606697,0.0761181703606697
2010,HAMIOTA,FLAX,0.4649789525208027,0.29773028642505683,0.16724866609574585,0.16724866609574585
2010,HAMIOTA,RED SPRING WHEAT,1.165400081961106,0.9537785698628167,0.21162151209828917,0.21162151209828917
2010,HANOVER,ARGENTINE CANOLA,0.3778424567549813,0.791351398336029,-0.4135089415810477,0.4135089415810477
2010,HANOVER,BARLEY,0.917,1.4437626885844617,-0.5267626885844616,0.5267626885844616
2010,HANOVER,OATS,1.2263881000676131,1.3346033659566894,-0.10821526588907626,0.10821526588907626
2010,HANOVER,RED SPRING WHEAT,0.9990548014077426,1.2273286164726829,-0.22827381506494027,0.22827381506494027
2010,HARRISON PARK,ARGENTINE CANOLA,0.766670350435181,0.36794049461249756,0.3987298558226834,0.3987298558226834
2010,HARRISON PARK,BARLEY,1.108,0.9936953639921424,0.11430463600785767,0.11430463600785767
2010,HARRISON PARK,FLAX,0.617,0.12900759530224226,0.48799240469775773,0.48799240469775773
2010,HARRISON PARK,OATS,1.2281443776029617,0.896364589174478,0.33177978842848366,0.33177978842848366
2010,HARRISON PARK,RED SPRING WHEAT,0.9392247172946032,0.787315085133864,0.15190963216073927,0.15190963216073927
2010,HEADINGLEY,RED SPRING WHEAT,0.878999702999703,0.9875980675942478,-0.10859836459454486,0.10859836459454486
2010,HILLSBURG-ROBLIN-SHELL RIVER,ALFALFA,1.661,1.7858564636835008,-0.12485646368350078,0.12485646368350078
2010,HILLSBURG-ROBLIN-SHELL RIVER,ALFALFA/GRASS MIX.,1.319821720994902,1.4803435682374162,-0.16052184724251428,0.16052184724251428
2010,HILLSBURG-ROBLIN-SHELL RIVER,ARGENTINE CANOLA,1.0134409049322133,0.7915803773099354,0.22186052762227793,0.22186052762227793
2010,HILLSBURG-ROBLIN-SHELL RIVER,BARLEY,1.3745155492154066,1.410298534960364,-0.03578298574495742,0.03578298574495742
2010,HILLSBURG-ROBLIN-SHELL RIVER,OATS,1.4072098569157392,1.296870873430515,0.1103389834852242,0.1103389834852242
2010,HILLSBURG-ROBLIN-SHELL RIVER,RED SPRING WHEAT,1.5424463634064385,1.2590513523436369,0.2833950110628016,0.2833950110628016
2010,KELSEY,RED SPRING WHEAT,1.0868080275588496,1.3873725483580615,-0.3005645207992118,0.3005645207992118
2010,KILLARNEY-TURTLE MTN,ARGENTINE CANOLA,0.8835191655237132,0.411312957607896,0.47220620791581724,0.47220620791581724
2010,KILLARNEY-TURTLE MTN,OATS,1.266,0.9394463851406871,0.3265536148593129,0.3265536148593129
2010,KILLARNEY-TURTLE MTN,RED SPRING WHEAT,1.402734238989702,0.8408252885955746,0.5619089503941274,0.5619089503941274
2010,LAC DU BONNET,ARGENTINE CANOLA,0.2209486139283299,0.8223466360481654,-0.6013980221198355,0.6013980221198355
2010,LAC DU BONNET,OATS,0.623,1.3937222505274827,-0.7707222505274827,0.7707222505274827
2010,LAC DU BONNET,RED SPRING WHEAT,0.531694201183432,1.214199341361105,-0.6825051401776729,0.6825051401776729
2010,LORNE,ALFALFA,1.682,1.575364803226962,0.1066351967730379,0.1066351967730379
2010,LORNE,ARGENTINE CANOLA,1.049342794117647,0.5414793352056612,0.5078634589119858,0.5078634589119858
2010,LORNE,BARLEY,1.6037403556771546,1.186350007102895,0.4173903485742596,0.4173903485742596
2010,LORNE,FLAX,0.692,0.26491710165584625,0.4270828983441537,0.4270828983441537
2010,LORNE,OATS,1.5650000000000002,1.0776608415464464,0.4873391584535538,0.4873391584535538
2010,LORNE,RED SPRING WHEAT,1.57130064979343,0.9706581230126856,0.6006425267807445,0.6006425267807445
2010,LOUISE,ARGENTINE CANOLA,1.198329174474049,0.5278633748057242,0.6704657996683248,0.6704657996683248
2010,LOUISE,BARLEY,1.8944081523911016,1.1749448876792055,0.7194632647118961,0.7194632647118961
2010,LOUISE,FLAX,0.7217558746736292,0.25317882939630043,0.4685770452773288,0.4685770452773288
2010,LOUISE,OATS,2.044904761904762,1.0687042511744977,0.976200510730264,0.976200510730264
2010,LOUISE,RED SPRING WHEAT,1.5902909273634598,0.9549810253156815,0.6353099020477783,0.6353099020477783
2010,MACDONALD,ARGENTINE CANOLA,0.5936112881721795,0.7226146277121981,-0.12900333954001864,0.12900333954001864
2010,MACDONALD,BARLEY,1.091278022947926,1.3676301772691888,-0.2763521543212628,0.2763521543212628
2010,MACDONALD,FLAX,0.3643359872611464,0.4095291803161416,-0.045193193054995195,0.045193193054995195
2010,MACDONALD,OATS,1.1247084452486642,1.3006284145974893,-0.17591996934882514,0.17591996934882514
2010,MACDONALD,RED SPRING WHEAT,0.8501061012466944,1.1488579533950336,-0.2987518521483392,0.2987518521483392
2010,MCCREARY,ALFALFA/GRASS MIX.,1.2421808494894182,1.5811417887934218,-0.3389609393040036,0.3389609393040036
2010,MINITONAS-BOWSMAN,ALFALFA/GRASS MIX.,1.347996163394268,2.1062650069069537,-0.7582688435126856,0.7582688435126856
2010,MINITONAS-BOWSMAN,ARGENTINE CANOLA,0.7386756847262858,1.291815354347169,-0.5531396696208833,0.5531396696208833
2010,MINITONAS-BOWSMAN,RED SPRING WHEAT,1.0941372083104854,1.7461861814586834,-0.652048973148198,0.652048973148198
2010,MINTO-ODANAH,ARGENTINE CANOLA,0.7689448707592892,0.46199176351082427,0.3069531072484649,0.3069531072484649
2010,MINTO-ODANAH,BARLEY,1.1381103403774802,1.0945063416950047,0.04360399868247544,0.04360399868247544
2010,MINTO-ODANAH,RED SPRING WHEAT,1.0937637962623672,0.8819787479958556,0.21178504826651157,0.21178504826651157
2010,MONTCALM,ARGENTINE CANOLA,0.954450980763764,0.7569751433335571,0.1974758374302069,0.1974758374302069
2010,MONTCALM,BARLEY,1.089,1.4042615899413924,-0.3152615899413924,0.3152615899413924
2010,MONTCALM,OATS,1.897481146496815,1.3024537205025801,0.595027425994235,0.595027425994235
2010,MONTCALM,RED SPRING WHEAT,1.371543074401239,1.1899881570705448,0.18155491733069407,0.18155491733069407
2010,MORRIS,ARGENTINE CANOLA,0.8260451033116332,0.6164580069852149,0.20958709632641825,0.20958709632641825
2010,MORRIS,BARLEY,1.263,1.2557941653215539,0.007205834678446044,0.007205834678446044
2010,MORRIS,FLAX,0.6073680623174295,0.2979192540388851,0.3094488082785444,0.3094488082785444
2010,MORRIS,OATS,1.6589343448275864,1.1805791299233774,0.47835521490420896,0.47835521490420896
2010,MORRIS,RED SPRING WHEAT,1.2303870451237264,1.043362034346186,0.1870250107775404,0.1870250107775404
2010,MOSSEY RIVER,ALFALFA,2.206,2.1146801625686167,0.09131983743138328,0.09131983743138328
2010,MOSSEY RIVER,ALFALFA/GRASS MIX.,0.6538153594771241,1.7115482270841915,-1.0577328676070674,1.0577328676070674
2010,MOSSEY RIVER,ARGENTINE CANOLA,0.1273734047300312,0.8558344303109464,-0.7284610255809152,0.7284610255809152
2010,MOSSEY RIVER,RED SPRING WHEAT,0.3816907494935854,1.2838050025336096,-0.9021142530400242,0.9021142530400242
2010,MOUNTAIN,ALFALFA/GRASS MIX.,0.7130314569536425,1.795775583908553,-1.0827441269549105,1.0827441269549105
2010,MOUNTAIN,ARGENTINE CANOLA,0.4969206709605672,0.9983370456304701,-0.501416374669903,0.501416374669903
2010,MOUNTAIN,RED SPRING WHEAT,0.8310216593245229,1.4483762022633104,-0.6173545429387876,0.6173545429387876
2010,NORTH CYPRESS-LANGFORD,ALFALFA,2.594,1.669534187066839,0.9244658129331609,0.9244658129331609
2010,NORTH CYPRESS-LANGFORD,ALFALFA/GRASS MIX.,1.8365520373734756,1.311977126143006,0.5245749112304696,0.5245749112304696
2010,NORTH CYPRESS-LANGFORD,ARGENTINE CANOLA,0.926403169739324,0.5447451749839082,0.38165799475541584,0.38165799475541584
2010,NORTH CYPRESS-LANGFORD,BARLEY,1.7569704294766488,1.1762489719459377,0.5807214575307111,0.5807214575307111
2010,NORTH CYPRESS-LANGFORD,FALL RYE,1.436,0.7973769697258799,0.63862303027412,0.63862303027412
2010,NORTH CYPRESS-LANGFORD,OATS,1.0830849522555153,1.0775382026784033,0.005546749577111987,0.005546749577111987
2010,NORTH CYPRESS-LANGFORD,PROC POTATOES-IRRIG,14.72245959516358,10.545712910163848,4.176746684999731,4.176746684999731
2010,NORTH CYPRESS-LANGFORD,RED SPRING WHEAT,1.3007109789555251,0.9610881149554107,0.33962286400011443,0.33962286400011443
2010,NORTH NORFOLK,ALFALFA/GRASS MIX.,1.614481623277182,1.1022973692889466,0.5121842539882353,0.5121842539882353
2010,NORTH NORFOLK,ARGENTINE CANOLA,0.9002004394662093,0.304037848327815,0.5961625911383943,0.5961625911383943
2010,NORTH NORFOLK,BARLEY,1.2495429544594423,0.9328628365674443,0.316680117891998,0.316680117891998
2010,NORTH NORFOLK,GRAIN CORN,2.878961580381472,1.7302598896792638,1.1487016907022083,1.1487016907022083
2010,NORTH NORFOLK,OATS,1.4202454485920106,0.8455990174298664,0.5746464311621442,0.5746464311621442
2010,NORTH NORFOLK,PROC POTATOES-IRRIG,12.936,10.162681274297622,2.773318725702378,2.773318725702378
2010,NORTH NORFOLK,RED SPRING WHEAT,1.2585298761284909,0.7241779891766217,0.5343518869518692,0.5343518869518692
2010,OAKLAND-WAWANESA,ARGENTINE CANOLA,0.9085750011908732,0.35324029213602126,0.5553347090548519,0.5553347090548519
2010,OAKLAND-WAWANESA,BARLEY,1.4671830487617292,1.0006204106335908,0.4665626381281385,0.4665626381281385
2010,OAKLAND-WAWANESA,FLAX,0.5488674562214731,0.09691220505960296,0.4519552511618702,0.4519552511618702
2010,OAKLAND-WAWANESA,RED SPRING WHEAT,1.2888870844368592,0.7881065020836269,0.5007805823532323,0.5007805823532323
2010,PEMBINA,ARGENTINE CANOLA,0.9694140144788964,0.5467835867462703,0.42263042773262616,0.42263042773262616
2010,PEMBINA,BARLEY,1.435356082375479,1.1940390053552636,0.24131707702021532,0.24131707702021532
2010,PEMBINA,OATS,1.42,1.091785922896006,0.32821407710399386,0.32821407710399386
2010,PEMBINA,RED SPRING WHEAT,1.3024389442700794,0.9832265676901142,0.31921237657996526,0.31921237657996526
2010,PIPESTONE,ALFALFA,1.376,1.015272170981214,0.36072782901878586,0.36072782901878586
2010,PIPESTONE,ARGENTINE CANOLA,0.6550807710799239,0.06318926641168976,0.5918915046682341,0.5918915046682341
2010,PIPESTONE,BARLEY,1.066138,0.7146117997097613,0.35152620029023873,0.35152620029023873
2010,PIPESTONE,OATS,1.1624458268532918,0.5739023408189105,0.5885434860343813,0.5885434860343813
2010,PIPESTONE,RED SPRING WHEAT,0.9126457968371288,0.4958310507052196,0.41681474613190916,0.41681474613190916
2010,PORTAGE LA PRAIRIE,ALFALFA/GRASS MIX.,1.8318838934962896,1.2491068888977217,0.5827770045985678,0.5827770045985678
2010,PORTAGE LA PRAIRIE,ARGENTINE CANOLA,0.9784638456664084,0.418163888294556,0.5602999573718525,0.5602999573718525
2010,PORTAGE LA PRAIRIE,BARLEY,1.5284812852861225,1.0375962275758783,0.49088505771024415,0.49088505771024415
2010,PORTAGE LA PRAIRIE,FLAX,0.536056338028169,0.14566793488675822,0.39038840314141077,0.39038840314141077
2010,PORTAGE LA PRAIRIE,OATS,1.556962105656151,0.9923271280853068,0.5646349775708441,0.5646349775708441
2010,PORTAGE LA PRAIRIE,PROC POTATOES-IRRIG,9.908,10.00179388197858,-0.09379388197858063,0.09379388197858063
2010,PORTAGE LA PRAIRIE,RED SPRING WHEAT,1.403111416107781,0.8443153668647301,0.5587960492430508,0.5587960492430508
2010,PORTAGE LA PRAIRIE,WHITE PEA BEANS,0.7084541478748122,0.2850102250395081,0.4234439228353041,0.4234439228353041
2010,PORTAGE LA PRAIRIE,WINTER WHEAT,2.178,1.523575644914246,0.654424355085754,0.654424355085754
2010,RHINELAND,ARGENTINE CANOLA,0.8480518549412139,0.7832596334959717,0.06479222144524222,0.06479222144524222
2010,RHINELAND,BARLEY,1.263708742402992,1.453046725290751,-0.18933798288775905,0.18933798288775905
2010,RHINELAND,BLACK BEANS,0.5883370648941753,0.7699385415929709,-0.18160147669879567,0.18160147669879567
2010,RHINELAND,GRAIN CORN,3.411504767189628,2.6592372666898125,0.7522675004998156,0.7522675004998156
2010,RHINELAND,OATS,1.8006762803705645,1.3429331413309862,0.4577431390395783,0.4577431390395783
2010,RHINELAND,PINTO BEANS,0.7071194942694146,0.8282230577090189,-0.12110356343960438,0.12110356343960438
2010,RHINELAND,PROC POTATOES-DRYLND,7.504,9.030512289416505,-1.5265122894165053,1.5265122894165053
2010,RHINELAND,PROC POTATOES-IRRIG,8.893,10.282488672822797,-1.3894886728227966,1.3894886728227966
2010,RHINELAND,RED SPRING WHEAT,1.3515281116936535,1.2368561197151964,0.11467199197845712,0.11467199197845712
2010,RHINELAND,WHITE PEA BEANS,0.604,0.6496139287430769,-0.045613928743076904,0.045613928743076904
2010,RITCHOT,ARGENTINE CANOLA,0.5195487113749832,0.7227328356576395,-0.2031841242826563,0.2031841242826563
2010,RITCHOT,OATS,1.1064134464341815,1.2692777492781755,-0.162864302843994,0.162864302843994
2010,RITCHOT,RED SPRING WHEAT,0.7727824160845118,1.153810109854749,-0.38102769377023726,0.38102769377023726
2010,ROCKWOOD,ALFALFA/GRASS MIX.,1.8532127551020408,1.3015956679620782,0.5516170871399626,0.5516170871399626
2010,ROCKWOOD,ARGENTINE CANOLA,0.5024609448767623,0.5123417015454866,-0.009880756668724344,0.009880756668724344
2010,ROCKWOOD,BARLEY,0.6897878330819507,1.1278456005975572,-0.43805776751560654,0.43805776751560654
2010,ROCKWOOD,OATS,1.011787234042553,1.0701978787287776,-0.05841064468622448,0.05841064468622448
2010,ROCKWOOD,RED SPRING WHEAT,0.7684188155428341,0.9279875542728027,-0.15956873872996857,0.15956873872996857
2010,ROLAND,ARGENTINE CANOLA,0.9254157176367636,0.6410374011476482,0.2843783164891154,0.2843783164891154
2010,ROLAND,BARLEY,1.487,1.297642093601003,0.1893579063989972,0.1893579063989972
2010,ROLAND,FLAX,0.7082412371134021,0.33694462080805554,0.3712966163053466,0.3712966163053466
2010,ROLAND,GRAIN CORN,3.3230427224513845,2.3581432019820463,0.9648995204693382,0.9648995204693382
2010,ROLAND,OATS,1.7594688796680498,1.196643155034461,0.5628257246335888,0.5628257246335888
2010,ROLAND,RED SPRING WHEAT,1.4795944466502964,1.0865293504450275,0.39306509620526886,0.39306509620526886
2010,ROSEDALE,ALFALFA/GRASS MIX.,1.5125348101265823,1.266114274877458,0.24642053524912422,0.24642053524912422
2010,ROSEDALE,ARGENTINE CANOLA,0.6478993541002371,0.47736840704654904,0.1705309470536881,0.1705309470536881
2010,ROSEDALE,BARLEY,0.83,1.1103925834192963,-0.2803925834192963,0.2803925834192963
2010,ROSEDALE,RED SPRING WHEAT,1.0701974641934726,0.898566378903437,0.17163108529003557,0.17163108529003557
2010,ROSSBURN,ALFALFA/GRASS MIX.,1.7358155339805823,1.5252770234740298,0.21053851050655248,0.21053851050655248
2010,ROSSBURN,ARGENTINE CANOLA,0.7787981062919975,0.7105360338497244,0.06826207244227311,0.06826207244227311
2010,ROSSBURN,BARLEY,1.387700024467825,1.3398320385980935,0.04786798586973151,0.04786798586973151
2010,ROSSBURN,OATS,1.4957721518987344,1.2394289576318551,0.25634319426687924,0.25634319426687924
2010,ROSSBURN,RED SPRING WHEAT,1.245430966469428,1.1483649709965087,0.09706599547291939,0.09706599547291939
2010,ROSSER,ARGENTINE CANOLA,0.4899524254243805,0.45400633606118823,0.03594608936319227,0.03594608936319227
2010,ROSSER,BARLEY,0.6867988599348533,1.0671618087969406,-0.3803629488620872,0.3803629488620872
2010,ROSSER,OATS,0.8745927402433907,1.016929663923943,-0.14233692368055217,0.14233692368055217
2010,ROSSER,RED SPRING WHEAT,0.7374021260294963,0.86938677604945,-0.13198465001995374,0.13198465001995374
2010,RUSSELL-BINSCARTH,ARGENTINE CANOLA,0.8788294317788237,0.9529522126410459,-0.07412278086222224,0.07412278086222224
2010,RUSSELL-BINSCARTH,RED SPRING WHEAT,1.2326800983052582,1.4082167562303824,-0.1755366579251243,0.1755366579251243
2010,SOURIS-GLENWOOD,ALFALFA/GRASS MIX.,2.062974342318935,1.049366907278839,1.013607435040096,1.013607435040096
2010,SOURIS-GLENWOOD,ARGENTINE CANOLA,0.8361000921758933,0.40940360809179965,0.42669648408409366,0.42669648408409366
2010,SOURIS-GLENWOOD,OATS,1.405664343786295,0.9168965721229959,0.4887677716632991,0.4887677716632991
2010,SOURIS-GLENWOOD,RED SPRING WHEAT,1.2241504813451043,0.8425324727705098,0.3816180085745945,0.3816180085745945
2010,SPRINGFIELD,ARGENTINE CANOLA,0.2146531141868512,0.6523120639455677,-0.43765894975871655,0.43765894975871655
2010,SPRINGFIELD,BARLEY,0.289,1.2687703431302217,-0.9797703431302218,0.9797703431302218
2010,SPRINGFIELD,FLAX,0.223,0.35121667342320984,-0.12821667342320983,0.12821667342320983
2010,SPRINGFIELD,OATS,0.5684592375919985,1.2222299741326434,-0.653770736540645,0.653770736540645
2010,SPRINGFIELD,RED SPRING WHEAT,0.4983137449375982,1.0646282063027879,-0.5663144613651896,0.5663144613651896
2010,ST. ANDREWS,ARGENTINE CANOLA,0.2896831987697039,0.725322326022808,-0.4356391272531041,0.4356391272531041
2010,ST. ANDREWS,BARLEY,0.3783552688172043,1.3488920479390958,-0.9705367791218915,0.9705367791218915
2010,ST. ANDREWS,FLAX,0.257,0.42557912518121843,-0.16857912518121843,0.16857912518121843
2010,ST. ANDREWS,OATS,0.8052575200762216,1.295425450403907,-0.49016793032768546,0.49016793032768546
2010,ST. ANDREWS,RED SPRING WHEAT,0.5578403690393177,1.1372735238272471,-0.5794331547879294,0.5794331547879294
2010,ST. CLEMENTS,ARGENTINE CANOLA,0.4384697944778908,0.7018916018732483,-0.2634218073953575,0.2634218073953575
2010,ST. CLEMENTS,OATS,0.7745952231301069,1.2620917248934378,-0.4874965017633309,0.4874965017633309
2010,ST. CLEMENTS,RED SPRING WHEAT,0.816315190268247,1.106692093690266,-0.29037690342201905,0.29037690342201905
2010,ST. FRANCIS XAVIER,ARGENTINE CANOLA,0.5389954526226735,0.5407630287413457,-0.0017675761186722871,0.0017675761186722871
2010,ST. FRANCIS XAVIER,OATS,0.8880315480557595,1.1113176591798932,-0.22328611112413377,0.22328611112413377
2010,ST. FRANCIS XAVIER,RED SPRING WHEAT,0.9320988235294118,0.9620434142651355,-0.029944590735723753,0.029944590735723753
2010,STE. ANNE,ARGENTINE CANOLA,0.2674123589609026,0.7932258374499801,-0.5258134784890776,0.5258134784890776
2010,STE. ROSE,ALFALFA/GRASS MIX.,1.455559103095296,1.6234080594362874,-0.1678489563409915,0.1678489563409915
2010,STE. ROSE,ARGENTINE CANOLA,0.5866877777777778,0.7495787237815968,-0.16289094600381904,0.16289094600381904
2010,STE. ROSE,RED SPRING WHEAT,0.7551595328017905,1.1787727234951115,-0.42361319069332104,0.42361319069332104
2010,TACHE,ARGENTINE CANOLA,0.2801830101279736,0.7934932657259127,-0.5133102555979392,0.5133102555979392
2010,TACHE,BARLEY,0.713,1.451508102182469,-0.738508102182469,0.738508102182469
2010,TACHE,OATS,0.8913918226095873,1.3410945664182081,-0.44970274380862085,0.44970274380862085
2010,TACHE,RED SPRING WHEAT,0.7400232774674115,1.2275306188873198,-0.48750734141990837,0.48750734141990837
2010,THOMPSON,ARGENTINE CANOLA,0.9449884506337558,0.5064057091953063,0.43858274143844955,0.43858274143844955
2010,THOMPSON,BARLEY,1.3953693255047976,1.1594659629446553,0.23590336256014233,0.23590336256014233
2010,THOMPSON,GRAIN CORN,3.31272855721393,2.2453496423386508,1.0673789148752792,1.0673789148752792
2010,THOMPSON,OATS,1.6965893657911597,1.1072743048364342,0.5893150609547255,0.5893150609547255
2010,THOMPSON,RED SPRING WHEAT,1.3279418410253812,0.9523972136187471,0.3755446274066341,0.3755446274066341
2010,VICTORIA,ARGENTINE CANOLA,1.0647147148138367,0.5096010723900025,0.5551136424238342,0.5551136424238342
2010,VICTORIA,BARLEY,1.612,1.1524615738012893,0.45953842619871077,0.45953842619871077
2010,VICTORIA,RED SPRING WHEAT,1.491863228034562,0.9378144614793739,0.5540487665551882,0.5540487665551882
2010,WALLACE-WOODWORTH,ALFALFA,1.9253652886671415,1.5705123578001505,0.354852930866991,0.354852930866991
2010,WALLACE-WOODWORTH,ALFALFA/GRASS MIX.,1.6113075571177504,1.2343552647735783,0.37695229234417216,0.37695229234417216
2010,WALLACE-WOODWORTH,ARGENTINE CANOLA,0.7787768426746424,0.49784735333822705,0.28092948933641537,0.28092948933641537
2010,WALLACE-WOODWORTH,BARLEY,1.086348634208744,1.1181526970629634,-0.03180406285421933,0.03180406285421933
2010,WALLACE-WOODWORTH,FIELD PEAS,0.8767304272392107,0.9790309055585273,-0.10230047831931666,0.10230047831931666
2010,WALLACE-WOODWORTH,FLAX,0.5156570161711007,0.2890321592970384,0.2266248568740623,0.2266248568740623
2010,WALLACE-WOODWORTH,RED SPRING WHEAT,1.0717547884813807,0.9302681074356574,0.14148668104572337,0.14148668104572337
2010,WHITEHEAD,ARGENTINE CANOLA,0.690149565661727,0.29229027364258897,0.39785929201913806,0.39785929201913806
2010,WHITEHEAD,BARLEY,0.9711509505703422,0.9334914227121878,0.03765952785815441,0.03765952785815441
2010,WHITEHEAD,RED SPRING WHEAT,0.9819503937379168,0.724691717552581,0.2572586761853358,0.2572586761853358
2010,WHITEMOUTH,RED SPRING WHEAT,0.861,1.1659756229813831,-0.30497562298138314,0.30497562298138314
2010,WINNIPEG,RED SPRING WHEAT,0.8049999999999999,0.9604556986796238,-0.15545569867962383,0.15545569867962383
2010,WOODLANDS,ALFALFA,2.302,1.74230600685455,0.5596939931454501,0.5596939931454501
2010,WOODLANDS,ALFALFA/GRASS MIX.,2.043677684407096,1.369920257560555,0.6737574268465412,0.6737574268465412
2010,WOODLANDS,ARGENTINE CANOLA,0.5112231621435933,0.4975496987977245,0.01367346334586883,0.01367346334586883
2010,WOODLANDS,BARLEY,0.9180902292509502,1.1069447248434847,-0.18885449559253453,0.18885449559253453
2010,WOODLANDS,OATS,0.8706807238153655,1.0776334468090976,-0.20695272299373202,0.20695272299373202
2010,WOODLANDS,RED SPRING WHEAT,0.7704133172330516,0.9127163839380594,-0.1423030667050078,0.1423030667050078
2011,ALEXANDER,ARGENTINE CANOLA,0.580386454183267,1.3315323910535914,-0.7511459368703245,0.7511459368703245
2011,ALEXANDER,OATS,1.168,1.9864872080580913,-0.8184872080580914,0.8184872080580914
2011,ALONSA,ALFALFA/GRASS MIX.,1.007201419698314,1.554123408321551,-0.546921988623237,0.546921988623237
2011,ARGYLE,ALFALFA,2.17,2.122133425827202,0.047866574172797716,0.047866574172797716
2011,ARGYLE,ALFALFA/GRASS MIX.,1.629236971254966,1.8388872517741415,-0.20965028051917556,0.20965028051917556
2011,ARGYLE,ARGENTINE CANOLA,0.6758735106220142,1.3757683843150126,-0.6998948736929984,0.6998948736929984
2011,ARGYLE,BARLEY,1.1071731872053014,1.9185408082599649,-0.8113676210546634,0.8113676210546634
2011,ARGYLE,FLAX,0.4339999999999999,1.1056400676184752,-0.6716400676184753,0.6716400676184753
2011,ARGYLE,OATS,1.175,1.9951949953712829,-0.8201949953712828,0.8201949953712828
2011,ARGYLE,RED SPRING WHEAT,1.1039038380293136,1.7462947482270461,-0.6423909101977325,0.6423909101977325
2011,BIFROST-RIVERTON,ALFALFA,1.43,2.0434544489686792,-0.6134544489686793,0.6134544489686793
2011,BIFROST-RIVERTON,ALFALFA/GRASS MIX.,1.0403272167487685,1.6682027399692023,-0.6278755232204338,0.6278755232204338
2011,BIFROST-RIVERTON,ARGENTINE CANOLA,0.5395283855225702,1.158186171022704,-0.6186577855001337,0.6186577855001337
2011,BIFROST-RIVERTON,BARLEY,0.845,1.6537501640862051,-0.8087501640862051,0.8087501640862051
2011,BIFROST-RIVERTON,FLAX,0.311,0.8501519387343086,-0.5391519387343087,0.5391519387343087
2011,BIFROST-RIVERTON,RED SPRING WHEAT,0.8750176700974588,1.5188367938967944,-0.6438191237993356,0.6438191237993356
2011,BOISSEVAIN-MORTON,ALFALFA,1.864,2.0530462857859146,-0.18904628578591454,0.18904628578591454
2011,BOISSEVAIN-MORTON,ALFALFA/GRASS MIX.,1.6633634735899732,1.788989471503025,-0.12562599791305185,0.12562599791305185
2011,BOISSEVAIN-MORTON,ARGENTINE CANOLA,0.5861814316087881,1.3677245830071432,-0.7815431513983551,0.7815431513983551
2011,BOISSEVAIN-MORTON,BARLEY,1.096,1.9045102582375557,-0.8085102582375556,0.8085102582375556
2011,BOISSEVAIN-MORTON,OATS,1.295,1.9670842930249859,-0.672084293024986,0.672084293024986
2011,BOISSEVAIN-MORTON,RED SPRING WHEAT,0.8915100610671739,1.727970068033755,-0.8364600069665812,0.8364600069665812
2011,BRENDA-WASKADA,ARGENTINE CANOLA,0.5277525288502636,1.2818939674068468,-0.7541414385565832,0.7541414385565832
2011,BRENDA-WASKADA,BARLEY,0.327,1.805921836606902,-1.4789218366069021,1.4789218366069021
2011,BRENDA-WASKADA,OATS,1.02,1.868223699241099,-0.848223699241099,0.848223699241099
2011,BRENDA-WASKADA,RED SPRING WHEAT,0.7991883732789393,1.640657201223742,-0.8414688279448026,0.8414688279448026
2011,BROKENHEAD,ARGENTINE CANOLA,0.6819849561220226,1.196284823261987,-0.5142998671399643,0.5142998671399643
2011,BROKENHEAD,OATS,1.105427612293144,1.8038551414787731,-0.6984275291856292,0.6984275291856292
2011,BROKENHEAD,RED SPRING WHEAT,1.2385721532505674,1.580471921819431,-0.3418997685688636,0.3418997685688636
2011,CARTIER,ARGENTINE CANOLA,0.3888720910286466,1.3336825744848224,-0.9448104834561758,0.9448104834561758
2011,CARTIER,BARLEY,0.5600621009866512,1.8506985877546727,-1.2906364867680216,1.2906364867680216
2011,CARTIER,FLAX,0.1782388632872504,1.0297881816276075,-0.8515493183403572,0.8515493183403572
2011,CARTIER,OATS,0.6797374301675978,1.96276504094177,-1.2830276107741723,1.2830276107741723
2011,CARTIER,RED SPRING WHEAT,0.7155873669756265,1.7122628662670745,-0.9966754992914479,0.9966754992914479
2011,CARTWRIGHT-ROBLIN,ALFALFA,1.824,1.924073412865083,-0.10007341286508287,0.10007341286508287
2011,CARTWRIGHT-ROBLIN,ALFALFA/GRASS MIX.,1.807647628267183,1.6324482609850917,0.1751993672820913,0.1751993672820913
2011,CARTWRIGHT-ROBLIN,ARGENTINE CANOLA,0.6405086036555244,1.2276095058738297,-0.5871009022183052,0.5871009022183052
2011,CARTWRIGHT-ROBLIN,BARLEY,0.6994270244821092,1.7532735653735547,-1.0538465408914455,1.0538465408914455
2011,CARTWRIGHT-ROBLIN,FLAX,0.578,0.9447783389424598,-0.3667783389424598,0.3667783389424598
2011,CARTWRIGHT-ROBLIN,RED SPRING WHEAT,0.8599009643446264,1.5892919879102985,-0.7293910235656721,0.7293910235656721
2011,CLANWILLIAM-ERICKSON,RED SPRING WHEAT,1.145,1.7600456694922908,-0.6150456694922908,0.6150456694922908
2011,COLDWELL,ALFALFA/GRASS MIX.,1.2150772727272727,1.2657402451343627,-0.050662972407089946,0.050662972407089946
2011,CORNWALLIS,ARGENTINE CANOLA,0.573,1.3280786447205062,-0.7550786447205062,0.7550786447205062
2011,CORNWALLIS,BARLEY,0.38,1.8625942307440906,-1.4825942307440907,1.4825942307440907
2011,CORNWALLIS,RED SPRING WHEAT,1.0404865627519484,1.707094151944353,-0.6666075891924046,0.6666075891924046
2011,DAUPHIN,ALFALFA,1.7,2.3459231478436644,-0.6459231478436644,0.6459231478436644
2011,DAUPHIN,ALFALFA/GRASS MIX.,1.5921635220125787,2.092179967466196,-0.5000164454536171,0.5000164454536171
2011,DAUPHIN,ARGENTINE CANOLA,0.5798124668435013,1.4914933471755591,-0.9116808803320579,0.9116808803320579
2011,DAUPHIN,RED SPRING WHEAT,0.980695507239166,1.8664852270637435,-0.8857897198245775,0.8857897198245775
2011,DELORAINE-WINCHESTER,ALFALFA,1.8552676149520344,1.8466157936516914,0.008651821300343032,0.008651821300343032
2011,DELORAINE-WINCHESTER,ARGENTINE CANOLA,0.4311532365956571,1.094687398547215,-0.6635341619515579,0.6635341619515579
2011,DELORAINE-WINCHESTER,BARLEY,0.491,1.6125467826411415,-1.1215467826411416,1.1215467826411416
2011,DELORAINE-WINCHESTER,OATS,0.8019999999999999,1.710746130979618,-0.908746130979618,0.908746130979618
2011,DELORAINE-WINCHESTER,RED SPRING WHEAT,0.8285407014157014,1.4707216952365558,-0.6421809938208545,0.6421809938208545
2011,DESALABERRY,ARGENTINE CANOLA,0.6345495109798855,1.4933662588533445,-0.858816747873459,0.858816747873459
2011,DESALABERRY,OATS,1.4489931274323091,2.1203795143250828,-0.6713863868927736,0.6713863868927736
2011,DESALABERRY,RED SPRING WHEAT,1.1732703986185062,1.8627110076515596,-0.6894406090330534,0.6894406090330534
2011,DUFFERIN,ARGENTINE CANOLA,0.7110528990427792,1.212178769374299,-0.5011258703315197,0.5011258703315197
2011,DUFFERIN,BARLEY,1.013,1.7482931438773064,-0.7352931438773065,0.7352931438773065
2011,DUFFERIN,GRAIN CORN,2.554721910440781,2.9828927882308767,-0.4281708777900959,0.4281708777900959
2011,DUFFERIN,OATS,1.2382679482817285,1.8475664142547252,-0.6092984659729968,0.6092984659729968
2011,DUFFERIN,PROC POTATOES-IRRIG,10.011,8.97231909769052,1.0386809023094798,1.0386809023094798
2011,DUFFERIN,RED SPRING WHEAT,1.1229938788659797,1.5987537951050301,-0.47575991623905045,0.47575991623905045
2011,DUFFERIN,WHITE PEA BEANS,0.407,1.018585057151089,-0.611585057151089,0.611585057151089
2011,ELLICE-ARCHIE,ALFALFA/GRASS MIX.,1.293666365280289,1.8937146537300737,-0.6000482884497846,0.6000482884497846
2011,ELLICE-ARCHIE,ARGENTINE CANOLA,0.52185434979052,1.388476433263693,-0.8666220834731729,0.8666220834731729
2011,ELLICE-ARCHIE,RED SPRING WHEAT,1.08437136622243,1.755910537279943,-0.6715391710575132,0.6715391710575132
2011,ELTON,ARGENTINE CANOLA,0.5346586646939153,1.4533391023695856,-0.9186804376756703,0.9186804376756703
2011,ELTON,BARLEY,0.7,1.9868597252999523,-1.2868597252999523,1.2868597252999523
2011,ELTON,FLAX,0.6143172234836198,1.1956053572002696,-0.5812881337166498,0.5812881337166498
2011,ELTON,OATS,1.275,2.065474044767286,-0.790474044767286,0.790474044767286
2011,ELTON,RED SPRING WHEAT,0.980377473084176,1.8221749902217566,-0.8417975171375806,0.8417975171375806
2011,EMERSON-FRANKLIN,ARGENTINE CANOLA,0.6507565191126624,1.106717665008263,-0.45596114589560066,0.45596114589560066
2011,EMERSON-FRANKLIN,BARLEY,0.88,1.624378732221306,-0.7443787322213059,0.7443787322213059
2011,EMERSON-FRANKLIN,OATS,1.3552081124852768,1.727866001431767,-0.3726578889464902,0.3726578889464902
2011,EMERSON-FRANKLIN,RED SPRING WHEAT,1.0379962066785446,1.4859751507060783,-0.4479789440275337,0.4479789440275337
2011,ETHELBERT,ARGENTINE CANOLA,0.5780349136820407,1.4124140197939317,-0.8343791061118909,0.8343791061118909
2011,ETHELBERT,RED SPRING WHEAT,0.541,1.7629028352386207,-1.2219028352386205,1.2219028352386205
2011,FISHER,ALFALFA,1.108,2.036601382586829,-0.9286013825868289,0.9286013825868289
2011,FISHER,ALFALFA/GRASS MIX.,1.0811971703792898,1.677754695767579,-0.5965575253882893,0.5965575253882893
2011,FISHER,ARGENTINE CANOLA,0.5249502188183808,1.1724783457424763,-0.6475281269240956,0.6475281269240956
2011,FISHER,RED SPRING WHEAT,0.9395034889962426,1.5314182027735377,-0.5919147137772951,0.5919147137772951
2011,GILBERT PLAINS,ALFALFA,2.075,2.461768205881892,-0.386768205881892,0.386768205881892
2011,GILBERT PLAINS,ALFALFA/GRASS MIX.,1.1489668711656442,2.2225241175889847,-1.0735572464233405,1.0735572464233405
2011,GILBERT PLAINS,ARGENTINE CANOLA,0.6135712170853052,1.5947656864305368,-0.9811944693452317,0.9811944693452317
2011,GILBERT PLAINS,BARLEY,0.495,2.168355452688848,-1.673355452688848,1.673355452688848
2011,GILBERT PLAINS,RED SPRING WHEAT,0.9078993557265278,1.9777261396982735,-1.0698267839717457,1.0698267839717457
2011,GLENBORO-SOUTH CYPRESS,ARGENTINE CANOLA,0.8223003454582402,1.4796381031755754,-0.6573377577173353,0.6573377577173353
2011,GLENBORO-SOUTH CYPRESS,BARLEY,1.3579668711656443,2.015838519854954,-0.6578716486893099,0.6578716486893099
2011,GLENBORO-SOUTH CYPRESS,OATS,1.468,2.089923378758492,-0.6219233787584919,0.6219233787584919
2011,GLENBORO-SOUTH CYPRESS,PROC POTATOES-IRRIG,13.883,9.544954177650153,4.338045822349846,4.338045822349846
2011,GLENBORO-SOUTH CYPRESS,RED SPRING WHEAT,1.214447013487476,1.84606756490534,-0.6316205514178639,0.6316205514178639
2011,GLENELLA-LANSDOWNE,ALFALFA/GRASS MIX.,0.9229171244807718,1.676205434236117,-0.7532883097553452,0.7532883097553452
2011,GLENELLA-LANSDOWNE,ARGENTINE CANOLA,0.577572654155496,1.2515500692074402,-0.6739774150519442,0.6739774150519442
2011,GLENELLA-LANSDOWNE,BARLEY,0.863,1.7662145917845933,-0.9032145917845933,0.9032145917845933
2011,GLENELLA-LANSDOWNE,RED SPRING WHEAT,1.0206481287163345,1.6186890168898944,-0.5980408881735599,0.5980408881735599
2011,GRAHAMDALE,ALFALFA,0.785,1.576890944805758,-0.791890944805758,0.791890944805758
2011,GRAHAMDALE,ALFALFA/GRASS MIX.,1.1629345513702916,1.2595576757090643,-0.09662312433877274,0.09662312433877274
2011,GRANDVIEW,ALFALFA/GRASS MIX.,1.6781440233236151,2.2387611272218573,-0.5606171038982422,0.5606171038982422
2011,GRANDVIEW,ARGENTINE CANOLA,0.6862436309817465,1.6142530313462826,-0.9280094003645362,0.9280094003645362
2011,GRANDVIEW,BARLEY,0.892,2.183322407296181,-1.2913224072961813,1.2913224072961813
2011,GRANDVIEW,RED SPRING WHEAT,1.042510839273666,1.9978898075515374,-0.9553789682778715,0.9553789682778715
2011,GREY,ARGENTINE CANOLA,0.5028197424892704,1.2899945214540323,-0.7871747789647618,0.7871747789647618
2011,GREY,BARLEY,0.6069945414847161,1.8227173624384179,-1.2157228209537019,1.2157228209537019
2011,GREY,FLAX,0.2956605744125327,0.9959982231539019,-0.7003376487413692,0.7003376487413692
2011,GREY,GRAIN CORN,1.668,3.04715940897666,-1.37915940897666,1.37915940897666
2011,GREY,OATS,0.9172687530443252,1.9266075435127186,-1.0093387904683935,1.0093387904683935
2011,GREY,RED SPRING WHEAT,0.7500858676207515,1.671782597541881,-0.9216967299211295,0.9216967299211295
2011,HAMIOTA,ARGENTINE CANOLA,0.5840671201442387,1.5221431426398795,-0.9380760224956408,0.9380760224956408
2011,HAMIOTA,BARLEY,0.6225171875000001,2.068071250382243,-1.445554062882243,1.445554062882243
2011,HAMIOTA,FLAX,0.52,1.274543254854712,-0.754543254854712,0.754543254854712
2011,HAMIOTA,RED SPRING WHEAT,1.0228307813113466,1.8870063733618103,-0.8641755920504637,0.8641755920504637
2011,HANOVER,ARGENTINE CANOLA,0.6282915438324282,1.2512997631514962,-0.6230082193190679,0.6230082193190679
2011,HANOVER,BARLEY,1.078,1.7721187815560806,-0.6941187815560805,0.6941187815560805
2011,HANOVER,OATS,0.9891541019955652,1.875592256999674,-0.8864381550041087,0.8864381550041087
2011,HANOVER,RED SPRING WHEAT,1.152605448656887,1.6356884092870299,-0.4830829606301428,0.4830829606301428
2011,HARRISON PARK,ARGENTINE CANOLA,0.6793957677165354,1.4020187596998095,-0.7226229919832741,0.7226229919832741
2011,HARRISON PARK,BARLEY,0.955,1.934269544840002,-0.9792695448400021,0.9792695448400021
2011,HARRISON PARK,FLAX,0.404,1.146615690680844,-0.742615690680844,0.742615690680844
2011,HARRISON PARK,OATS,0.963372859025033,2.0145102593285893,-1.0511374003035563,1.0511374003035563
2011,HARRISON PARK,RED SPRING WHEAT,1.0465184954539792,1.7674678029229571,-0.7209493074689779,0.7209493074689779
2011,HEADINGLEY,RED SPRING WHEAT,1.036,1.6147606336849263,-0.5787606336849263,0.5787606336849263
2011,HILLSBURG-ROBLIN-SHELL RIVER,ALFALFA,1.6509999999999998,2.3160985053025556,-0.6650985053025558,0.6650985053025558
2011,HILLSBURG-ROBLIN-SHELL RIVER,ALFALFA/GRASS MIX.,1.3851576449912126,2.07818551788842,-0.6930278728972075,0.6930278728972075
2011,HILLSBURG-ROBLIN-SHELL RIVER,ARGENTINE CANOLA,1.0178519228137402,1.5185316440573111,-0.500679721243571,0.500679721243571
2011,HILLSBURG-ROBLIN-SHELL RIVER,BARLEY,1.1685295717199184,2.0836716035765326,-0.9151420318566141,0.9151420318566141
2011,HILLSBURG-ROBLIN-SHELL RIVER,OATS,1.4124863537117904,2.0749687549736104,-0.66248240126182,0.66248240126182
2011,HILLSBURG-ROBLIN-SHELL RIVER,RED SPRING WHEAT,1.5537575245949544,1.9058295496587547,-0.3520720250638003,0.3520720250638003
2011,KELSEY,RED SPRING WHEAT,0.9677649050493154,1.4259292488336062,-0.4581643437842907,0.4581643437842907
2011,KILLARNEY-TURTLE MTN,ARGENTINE CANOLA,0.5956221453499051,1.368435071636818,-0.772812926286913,0.772812926286913
2011,KILLARNEY-TURTLE MTN,OATS,1.168,1.9776734214270166,-0.8096734214270167,0.8096734214270167
2011,KILLARNEY-TURTLE MTN,RED SPRING WHEAT,0.9670994281127722,1.7343100299124623,-0.7672106017996901,0.7672106017996901
2011,LAC DU BONNET,ARGENTINE CANOLA,0.5588074425574426,1.3728866241309712,-0.8140791815735285,0.8140791815735285
2011,LAC DU BONNET,OATS,1.1016716256424128,2.001989252066447,-0.900317626424034,0.900317626424034
2011,LAC DU BONNET,RED SPRING WHEAT,1.6521758720930235,1.7613663145613632,-0.10919044246833964,0.10919044246833964
2011,LORNE,ALFALFA,1.5149999999999997,2.290879104524882,-0.7758791045248823,0.7758791045248823
2011,LORNE,ARGENTINE CANOLA,0.853096113605065,1.546307129152916,-0.693211015547851,0.693211015547851
2011,LORNE,BARLEY,1.2435144059566203,2.088228342113668,-0.8447139361570477,0.8447139361570477
2011,LORNE,FLAX,0.67,1.272694613798171,-0.6026946137981709,0.6026946137981709
2011,LORNE,OATS,1.485,2.171189639006639,-0.6861896390066391,0.6861896390066391
2011,LORNE,RED SPRING WHEAT,1.1952257253304517,1.9214801833361803,-0.7262544580057286,0.7262544580057286
2011,LOUISE,ARGENTINE CANOLA,0.9001198352310543,1.5421265852450683,-0.642006750014014,0.642006750014014
2011,LOUISE,BARLEY,1.1349102990033222,2.0861515407890057,-0.9512412417856835,0.9512412417856835
2011,LOUISE,FLAX,0.607,1.269852501783831,-0.6628525017838309,0.6628525017838309
2011,LOUISE,OATS,1.825,2.1717028263307654,-0.34670282633076543,0.34670282633076543
2011,LOUISE,RED SPRING WHEAT,1.2747680568346271,1.9155933140119528,-0.6408252571773256,0.6408252571773256
2011,MACDONALD,ARGENTINE CANOLA,0.4354739872096578,1.260065738315139,-0.8245917511054812,0.8245917511054812
2011,MACDONALD,BARLEY,0.6930000000000001,1.782114720279644,-1.0891147202796438,1.0891147202796438
2011,MACDONALD,FLAX,0.2475179142674344,0.960991289079709,-0.7134733748122746,0.7134733748122746
2011,MACDONALD,OATS,0.8588398757120663,1.9065752813322288,-1.0477354056201624,1.0477354056201624
2011,MACDONALD,RED SPRING WHEAT,0.8171828916601714,1.6356806526267496,-0.8184977609665781,0.8184977609665781
2011,MCCREARY,ALFALFA/GRASS MIX.,1.2718623765530424,2.1692413704170384,-0.897378993863996,0.897378993863996
2011,MINITONAS-BOWSMAN,ALFALFA/GRASS MIX.,2.0399150414705223,2.342397252893572,-0.30248221142304965,0.30248221142304965
2011,MINITONAS-BOWSMAN,ARGENTINE CANOLA,0.891858184342996,1.6978792273119727,-0.8060210429689767,0.8060210429689767
2011,MINITONAS-BOWSMAN,RED SPRING WHEAT,1.226243930787956,2.0378447156257935,-0.8116007848378375,0.8116007848378375
2011,MINTO-ODANAH,ARGENTINE CANOLA,0.5708562863614158,1.4989433722694734,-0.9280870859080576,0.9280870859080576
2011,MINTO-ODANAH,BARLEY,0.664,2.0367865316102427,-1.3727865316102426,1.3727865316102426
2011,MINTO-ODANAH,RED SPRING WHEAT,1.1299571331367655,1.86498623583251,-0.7350291026957445,0.7350291026957445
2011,MONTCALM,ARGENTINE CANOLA,0.7568807603686636,1.2593572129500825,-0.5024764525814189,0.5024764525814189
2011,MONTCALM,BARLEY,1.215,1.7888336662255078,-0.5738336662255077,0.5738336662255077
2011,MONTCALM,OATS,1.3942228594838182,1.8907126564865024,-0.49648979700268425,0.49648979700268425
2011,MONTCALM,RED SPRING WHEAT,1.17181038236115,1.642855270118201,-0.471044887757051,0.471044887757051
2011,MORRIS,ARGENTINE CANOLA,0.6063314062990478,1.198595224564103,-0.5922638182650551,0.5922638182650551
2011,MORRIS,BARLEY,0.313,1.7239319001846547,-1.4109319001846548,1.4109319001846548
2011,MORRIS,FLAX,0.277,0.8975483379469051,-0.6205483379469051,0.6205483379469051
2011,MORRIS,OATS,1.264003058225435,1.847345185152494,-0.5833421269270591,0.5833421269270591
2011,MORRIS,RED SPRING WHEAT,1.0015166868371932,1.5774997265526058,-0.5759830397154126,0.5759830397154126
2011,MOSSEY RIVER,ALFALFA,1.508,2.313356325629648,-0.8053563256296479,0.8053563256296479
2011,MOSSEY RIVER,ALFALFA/GRASS MIX.,1.049530941488081,1.9480461636913002,-0.8985152222032193,0.8985152222032193
2011,MOSSEY RIVER,ARGENTINE CANOLA,0.7922801349192261,1.452958155716671,-0.660678020797445,0.660678020797445
2011,MOSSEY RIVER,RED SPRING WHEAT,0.8229755515802029,1.8018518193377329,-0.97887626775753,0.97887626775753
2011,MOUNTAIN,ALFALFA/GRASS MIX.,0.8446756510860912,2.07697240364656,-1.2322967525604689,1.2322967525604689
2011,MOUNTAIN,ARGENTINE CANOLA,0.7975095585436793,1.4478775758184377,-0.6503680172747583,0.6503680172747583
2011,MOUNTAIN,RED SPRING WHEAT,1.0253772852891156,1.7838373824743927,-0.7584600971852771,0.7584600971852771
2011,NORTH CYPRESS-LANGFORD,ALFALFA,2.119,2.309501265470383,-0.19050126547038282,0.19050126547038282
2011,NORTH CYPRESS-LANGFORD,ALFALFA/GRASS MIX.,1.8244998755290016,2.021395788141556,-0.19689591261255446,0.19689591261255446
2011,NORTH CYPRESS-LANGFORD,ARGENTINE CANOLA,0.7062397320554394,1.6006808309742053,-0.8944410989187659,0.8944410989187659
2011,NORTH CYPRESS-LANGFORD,BARLEY,1.46453873659118,2.1242441579582825,-0.6597054213671025,0.6597054213671025
2011,NORTH CYPRESS-LANGFORD,FALL RYE,1.2793429712763933,1.6035178196282152,-0.32417484835182186,0.32417484835182186
2011,NORTH CYPRESS-LANGFORD,OATS,1.045279661016949,2.2162538767220714,-1.1709742157051224,1.1709742157051224
2011,NORTH CYPRESS-LANGFORD,PROC POTATOES-IRRIG,12.47480067042363,9.573505803976142,2.901294866447488,2.901294866447488
2011,NORTH CYPRESS-LANGFORD,RED SPRING WHEAT,1.1969460458649646,1.9678234248165025,-0.770877378951538,0.770877378951538
2011,NORTH NORFOLK,ALFALFA/GRASS MIX.,1.4235655893536123,1.804579700171547,-0.38101411081793457,0.38101411081793457
2011,NORTH NORFOLK,ARGENTINE CANOLA,0.8177610348548343,1.3610193996005635,-0.5432583647457292,0.5432583647457292
2011,NORTH NORFOLK,BARLEY,1.0069470989761091,1.8826035026342733,-0.8756564036581642,0.8756564036581642
2011,NORTH NORFOLK,GRAIN CORN,2.455927445476139,3.1181577592907237,-0.6622303138145846,0.6622303138145846
2011,NORTH NORFOLK,OATS,1.1466241416145275,1.9834648388892313,-0.8368406972747038,0.8368406972747038
2011,NORTH NORFOLK,PROC POTATOES-IRRIG,10.326,9.225827431023763,1.1001725689762374,1.1001725689762374
2011,NORTH NORFOLK,RED SPRING WHEAT,1.1659248630174146,1.731013145842721,-0.5650882828253063,0.5650882828253063
2011,OAKLAND-WAWANESA,ARGENTINE CANOLA,0.430876566461427,1.399109838985298,-0.968233272523871,0.968233272523871
2011,OAKLAND-WAWANESA,BARLEY,0.8121069582504971,1.9400878926989713,-1.1279809344484741,1.1279809344484741
2011,OAKLAND-WAWANESA,FLAX,0.353,1.1355700021048072,-0.7825700021048072,0.7825700021048072
2011,OAKLAND-WAWANESA,RED SPRING WHEAT,0.884683804124719,1.7765302690601745,-0.8918464649354555,0.8918464649354555
2011,PEMBINA,ARGENTINE CANOLA,0.7187078746952927,1.3596531113445545,-0.6409452366492617,0.6409452366492617
2011,PEMBINA,BARLEY,0.6754396984924623,1.8936140710402647,-1.2181743725478023,1.2181743725478023
2011,PEMBINA,OATS,1.241,1.9905359885336718,-0.7495359885336716,0.7495359885336716
2011,PEMBINA,RED SPRING WHEAT,0.9826808985787014,1.7389124808803076,-0.7562315823016061,0.7562315823016061
2011,PIPESTONE,ALFALFA,1.117,1.8522661432193772,-0.7352661432193772,0.7352661432193772
2011,PIPESTONE,ARGENTINE CANOLA,0.4043341575415048,1.119038212226866,-0.7147040546853612,0.7147040546853612
2011,PIPESTONE,BARLEY,0.202,1.633789946657063,-1.431789946657063,1.431789946657063
2011,PIPESTONE,OATS,0.321,1.7142116317825746,-1.3932116317825747,1.3932116317825747
2011,PIPESTONE,RED SPRING WHEAT,0.4631275964391691,1.4742987681233892,-1.0111711716842202,1.0111711716842202
2011,PORTAGE LA PRAIRIE,ALFALFA/GRASS MIX.,0.656,1.6921017760471975,-1.0361017760471976,1.0361017760471976
2011,PORTAGE LA PRAIRIE,ARGENTINE CANOLA,0.8001564946426063,1.275076628096345,-0.47492013345373874,0.47492013345373874
2011,PORTAGE LA PRAIRIE,BARLEY,0.9963100507146148,1.7891531868632993,-0.7928431361486845,0.7928431361486845
2011,PORTAGE LA PRAIRIE,FLAX,0.726,0.9736667411828903,-0.24766674118289034,0.24766674118289034
2011,PORTAGE LA PRAIRIE,OATS,1.3662030083324317,1.9088319324951004,-0.5426289241626687,0.5426289241626687
2011,PORTAGE LA PRAIRIE,PROC POTATOES-IRRIG,7.146939240506329,8.830961165436046,-1.6840219249297164,1.6840219249297164
2011,PORTAGE LA PRAIRIE,RED SPRING WHEAT,1.2172311085538932,1.6511667481649528,-0.43393563961105963,0.43393563961105963
2011,PORTAGE LA PRAIRIE,WHITE PEA BEANS,0.9916594977772436,1.1000673145234543,-0.1084078167462107,0.1084078167462107
2011,PORTAGE LA PRAIRIE,WINTER WHEAT,1.674,2.085572963583191,-0.41157296358319106,0.41157296358319106
2011,RHINELAND,ARGENTINE CANOLA,0.7966502945852427,1.2205721152840954,-0.42392182069885265,0.42392182069885265
2011,RHINELAND,BARLEY,0.839,1.7380146871662134,-0.8990146871662135,0.8990146871662135
2011,RHINELAND,BLACK BEANS,0.797,1.063645223739994,-0.266645223739994,0.266645223739994
2011,RHINELAND,GRAIN CORN,2.795862528059448,2.9916932318584673,-0.19583070379901946,0.19583070379901946
2011,RHINELAND,OATS,1.5590020221244203,1.8458175045969036,-0.28681548247248334,0.28681548247248334
2011,RHINELAND,PINTO BEANS,0.952,1.1447419378948767,-0.1927419378948767,0.1927419378948767
2011,RHINELAND,PROC POTATOES-DRYLND,6.968,9.042632990281476,-2.0746329902814757,2.0746329902814757
2011,RHINELAND,PROC POTATOES-IRRIG,7.748,8.86355346732189,-1.115553467321889,1.115553467321889
2011,RHINELAND,RED SPRING WHEAT,1.218558929923446,1.6054788589418831,-0.3869199290184371,0.3869199290184371
2011,RHINELAND,WHITE PEA BEANS,0.621,1.0297424583351296,-0.40874245833512957,0.40874245833512957
2011,RITCHOT,ARGENTINE CANOLA,0.4515821207268677,1.2037700343754167,-0.752187913648549,0.752187913648549
2011,RITCHOT,OATS,1.0328814545454543,1.8302261592028293,-0.797344704657375,0.797344704657375
2011,RITCHOT,RED SPRING WHEAT,0.9248444138774262,1.5834808834930578,-0.6586364696156316,0.6586364696156316
2011,ROCKWOOD,ALFALFA/GRASS MIX.,1.4423740532616665,1.6594063409925786,-0.2170322877309121,0.2170322877309121
2011,ROCKWOOD,ARGENTINE CANOLA,0.5065498928316265,1.2760615460904763,-0.7695116532588497,0.7695116532588497
2011,ROCKWOOD,BARLEY,0.4498809917355371,1.7883043281307944,-1.3384233363952573,1.3384233363952573
2011,ROCKWOOD,OATS,0.9006919334866442,1.8932374324361982,-0.992545498949554,0.992545498949554
2011,ROCKWOOD,RED SPRING WHEAT,0.9161463518946198,1.6520766249174093,-0.7359302730227895,0.7359302730227895
2011,ROLAND,ARGENTINE CANOLA,0.7615720646139718,1.4408795951183628,-0.6793075305043911,0.6793075305043911
2011,ROLAND,BARLEY,0.817,1.9821766745805098,-1.1651766745805099,1.1651766745805099
2011,ROLAND,FLAX,0.6479774774774775,1.147665701894617,-0.49968822441713956,0.49968822441713956
2011,ROLAND,GRAIN CORN,2.6757179757511858,3.2243956246867964,-0.5486776489356107,0.5486776489356107
2011,ROLAND,OATS,1.3693546911917889,2.08049689403424,-0.7111422028424512,0.7111422028424512
2011,ROLAND,RED SPRING WHEAT,1.2501779804793505,1.8273814457949835,-0.577203465315633,0.577203465315633
2011,ROSEDALE,ALFALFA/GRASS MIX.,1.2418077000604717,1.9460380603356309,-0.7042303602751592,0.7042303602751592
2011,ROSEDALE,ARGENTINE CANOLA,0.4883272072519558,1.4696690968853483,-0.9813418896333925,0.9813418896333925
2011,ROSEDALE,BARLEY,0.945,2.0079638349216413,-1.0629638349216415,1.0629638349216415
2011,ROSEDALE,RED SPRING WHEAT,1.0774407551211675,1.8367603838074058,-0.7593196286862383,0.7593196286862383
2011,ROSSBURN,ALFALFA/GRASS MIX.,1.5950186823992134,2.166206771575944,-0.5711880891767305,0.5711880891767305
2011,ROSSBURN,ARGENTINE CANOLA,0.6444486261092698,1.5741289532674891,-0.9296803271582194,0.9296803271582194
2011,ROSSBURN,BARLEY,0.694,2.1421276792861423,-1.4481276792861424,1.4481276792861424
2011,ROSSBURN,OATS,1.117883152173913,2.1789175889178174,-1.0610344367439044,1.0610344367439044
2011,ROSSBURN,RED SPRING WHEAT,1.12874296361675,1.949953162313422,-0.821210198696672,0.821210198696672
2011,ROSSER,ARGENTINE CANOLA,0.4140921865020225,1.2070460380533412,-0.7929538515513187,0.7929538515513187
2011,ROSSER,BARLEY,0.6953571428571428,1.717595396421427,-1.0222382535642842,1.0222382535642842
2011,ROSSER,OATS,0.7289913820619215,1.827766234798431,-1.0987748527365095,1.0987748527365095
2011,ROSSER,RED SPRING WHEAT,0.8331183594825213,1.5828900637166592,-0.7497717042341379,0.7497717042341379
2011,RUSSELL-BINSCARTH,ARGENTINE CANOLA,0.6903570838306858,1.6097340035109295,-0.9193769196802437,0.9193769196802437
2011,RUSSELL-BINSCARTH,RED SPRING WHEAT,1.1372831430083945,1.9800497726707484,-0.8427666296623539,0.8427666296623539
2011,SOURIS-GLENWOOD,ALFALFA/GRASS MIX.,0.8054112903225806,1.8887915463907898,-1.0833802560682093,1.0833802560682093
2011,SOURIS-GLENWOOD,ARGENTINE CANOLA,0.4306132777612385,1.461989547013671,-1.0313762692524326,1.0313762692524326
2011,SOURIS-GLENWOOD,OATS,1.348,2.054137285240052,-0.7061372852400518,0.7061372852400518
2011,SOURIS-GLENWOOD,RED SPRING WHEAT,0.7336148785425102,1.827292014746906,-1.0936771362043958,1.0936771362043958
2011,SPRINGFIELD,ARGENTINE CANOLA,0.6081655494617103,1.1868624619365222,-0.5786969124748119,0.5786969124748119
2011,SPRINGFIELD,BARLEY,0.85,1.701684010382404,-0.851684010382404,0.851684010382404
2011,SPRINGFIELD,FLAX,0.312,0.8891361882796167,-0.5771361882796167,0.5771361882796167
2011,SPRINGFIELD,OATS,1.2151118248376849,1.8058842392748262,-0.5907724144371413,0.5907724144371413
2011,SPRINGFIELD,RED SPRING WHEAT,1.2559143268538515,1.5708087931071624,-0.31489446625331086,0.31489446625331086
2011,ST. ANDREWS,ARGENTINE CANOLA,0.3672496576012522,1.29391221260584,-0.9266625550045877,0.9266625550045877
2011,ST. ANDREWS,BARLEY,1.271,1.81502860110837,-0.5440286011083701,0.5440286011083701
2011,ST. ANDREWS,FLAX,0.249,0.9973104951573434,-0.7483104951573434,0.7483104951573434
2011,ST. ANDREWS,OATS,0.7522642386253107,1.9132265258763397,-1.160962287251029,1.160962287251029
2011,ST. ANDREWS,RED SPRING WHEAT,0.9053124730564736,1.6775657587024742,-0.7722532856460006,0.7722532856460006
2011,ST. CLEMENTS,ARGENTINE CANOLA,0.6053657982791587,1.251662024168649,-0.6462962258894902,0.6462962258894902
2011,ST. CLEMENTS,OATS,0.9041014823261116,1.8628392016352227,-0.958737719309111,0.958737719309111
2011,ST. CLEMENTS,RED SPRING WHEAT,1.175053494568559,1.6295392805308546,-0.4544857859622957,0.4544857859622957
2011,ST. FRANCIS XAVIER,ARGENTINE CANOLA,0.3698912453342382,1.2930580981352036,-0.9231668528009653,0.9231668528009653
2011,ST. FRANCIS XAVIER,OATS,0.794,1.9194773655885051,-1.125477365588505,1.125477365588505
2011,ST. FRANCIS XAVIER,RED SPRING WHEAT,0.7590786366674092,1.6733179492213264,-0.9142393125539172,0.9142393125539172
2011,STE. ANNE,ARGENTINE CANOLA,0.716408032471694,1.3097808881353643,-0.5933728556636703,0.5933728556636703
2011,STE. ROSE,ALFALFA/GRASS MIX.,1.4942975347815477,2.2101146301384587,-0.715817095356911,0.715817095356911
2011,STE. ROSE,ARGENTINE CANOLA,0.5637402183803457,1.6105133258817013,-1.0467731075013555,1.0467731075013555
2011,STE. ROSE,RED SPRING WHEAT,0.7154767656090072,1.977942720642537,-1.2624659550335298,1.2624659550335298
2011,TACHE,ARGENTINE CANOLA,0.6057236334968465,1.2392380946394606,-0.633514461142614,0.633514461142614
2011,TACHE,BARLEY,1.619,1.7654206358964926,-0.14642063589649257,0.14642063589649257
2011,TACHE,OATS,1.2148706028075968,1.8676643378611106,-0.6527937350535138,0.6527937350535138
2011,TACHE,RED SPRING WHEAT,1.4061758279868215,1.6222429840801325,-0.21606715609331095,0.21606715609331095
2011,THOMPSON,ARGENTINE CANOLA,0.6926301647832627,1.4392340345069612,-0.7466038697236985,0.7466038697236985
2011,THOMPSON,BARLEY,0.999,1.986753292190198,-0.987753292190198,0.987753292190198
2011,THOMPSON,GRAIN CORN,2.845305030779028,3.2299132780678628,-0.3846082472888348,0.3846082472888348
2011,THOMPSON,OATS,1.279,2.1044449879675784,-0.8254449879675785,0.8254449879675785
2011,THOMPSON,RED SPRING WHEAT,0.9629846339450124,1.831915460155135,-0.8689308262101226,0.8689308262101226
2011,VICTORIA,ARGENTINE CANOLA,0.9423637323200338,1.5243974632745925,-0.5820337309545587,0.5820337309545587
2011,VICTORIA,BARLEY,1.3392793411118735,2.0648222694261036,-0.7255429283142301,0.7255429283142301
2011,VICTORIA,RED SPRING WHEAT,1.3582660758596243,1.8987856331828596,-0.5405195573232353,0.5405195573232353
2011,WALLACE-WOODWORTH,ALFALFA,1.6728211317768105,2.2358190292361035,-0.5629978974592931,0.5629978974592931
2011,WALLACE-WOODWORTH,ALFALFA/GRASS MIX.,1.4549615599664525,1.9863983377488017,-0.5314367777823492,0.5314367777823492
2011,WALLACE-WOODWORTH,ARGENTINE CANOLA,0.5314501236029386,1.401960618011873,-0.8705104944089345,0.8705104944089345
2011,WALLACE-WOODWORTH,BARLEY,0.6148737793851718,1.932095810379676,-1.317222030994504,1.317222030994504
2011,WALLACE-WOODWORTH,FIELD PEAS,0.751,1.7575266720033256,-1.0065266720033255,1.0065266720033255
2011,WALLACE-WOODWORTH,FLAX,0.54,1.171370801778652,-0.6313708017786519,0.6313708017786519
2011,WALLACE-WOODWORTH,RED SPRING WHEAT,0.8375192284605226,1.7545612877440788,-0.9170420592835562,0.9170420592835562
2011,WHITEHEAD,ARGENTINE CANOLA,0.4670900690269428,1.3320455471501338,-0.864955478123191,0.864955478123191
2011,WHITEHEAD,BARLEY,0.687,1.8593346894337306,-1.1723346894337305,1.1723346894337305
2011,WHITEHEAD,RED SPRING WHEAT,0.9463203190096416,1.6965184086351583,-0.7501980896255167,0.7501980896255167
2011,WHITEMOUTH,RED SPRING WHEAT,1.2029446935724963,1.7051187520152842,-0.5021740584427878,0.5021740584427878
2011,WINNIPEG,RED SPRING WHEAT,1.050517793594306,1.6231572646007701,-0.5726394710064642,0.5726394710064642
2011,WOODLANDS,ALFALFA,2.05,2.0809751492326845,-0.03097514923268463,0.03097514923268463
2011,WOODLANDS,ALFALFA/GRASS MIX.,1.611223029366306,1.7564615059073456,-0.14523847654103972,0.14523847654103972
2011,WOODLANDS,ARGENTINE CANOLA,0.3547995027526194,1.3077640139018005,-0.9529645111491811,0.9529645111491811
2011,WOODLANDS,BARLEY,0.5005900977475564,1.8173137610187007,-1.3167236632711443,1.3167236632711443
2011,WOODLANDS,OATS,0.546590005099439,1.943552076512523,-1.396962071413084,1.396962071413084
2011,WOODLANDS,RED SPRING WHEAT,0.6613667458432305,1.6846829113299262,-1.0233161654866958,1.0233161654866958
